application_id,revision,applicant_id,received_date,first_received_date,last_name,first_name,middle_name,birth_year,degree,npi,practice_state,position_sought,discipline,release_signed_date,cv_received_date,revision_reason
APP-2026-001,1,LP-1001,2026-01-26,2026-01-26,Holloway,Marcus,T,1982,MD,1012847312,WA,"Staff Physician, Family Medicine",Family Medicine,2026-01-26,2026-01-26,
APP-2026-002,1,LP-1002,2026-02-02,2026-02-02,Okonkwo,Adaeze,,1985,MD,1021522621,WA,"Staff Physician, Internal Medicine",Internal Medicine,2026-02-02,2026-02-02,
APP-2026-003,1,LP-1003,2026-01-29,2026-01-29,Wiśniewski,Tomasz,K,1980,MD,1030197930,WA,"Staff Physician, Emergency Medicine",Emergency Medicine,2026-01-29,2026-01-29,
APP-2026-004,1,LP-1004,2026-02-09,2026-02-09,Nandakumar,Priya,S,1987,MD,1038873239,WA,"Staff Physician, Pediatrics",Pediatrics,2026-02-09,2026-02-09,
APP-2026-005,1,LP-1005,2026-02-05,2026-02-05,Ferndale,Elliot,J,1983,MD,1047548548,WA,"Staff Physician, Diagnostic Radiology",Diagnostic Radiology,2026-02-05,2026-02-05,
APP-2026-006,1,LP-1006,2026-02-12,2026-02-12,Al-Hassani,Noor,,1986,MD,1056223857,WA,"Staff Physician, Anesthesiology",Anesthesiology,2026-02-12,2026-02-12,
APP-2026-007,1,LP-1007,2026-01-26,2026-01-26,Sternhagen,Benedikt,A,1979,MD,1064899166,WA,"Staff Physician, Psychiatry",Psychiatry,2026-01-26,2026-01-26,
APP-2026-008,1,LP-1008,2026-02-16,2026-02-16,Farahani,Soraya,,1984,MD,1073574475,WA,"Staff Physician, Obstetrics and Gynecology",Obstetrics and Gynecology,2026-02-16,2026-02-16,
APP-2026-009,1,LP-1009,2026-02-19,2026-02-19,Brackwood,Callum,D,1981,DO,1082249784,WA,"Staff Physician, Family Medicine",Family Medicine,2026-02-19,2026-02-19,
APP-2026-010,1,LP-1010,2026-02-23,2026-02-23,Nwachukwu,Imani,O,1992,MD,1090925093,WA,"Staff Physician, Pediatrics",Pediatrics,2026-02-23,2026-02-23,
APP-2026-011,1,LP-1011,2026-02-26,2026-02-26,Cabrera-Lima,Rafael,E,1978,MD,1099600402,WA,"Staff Physician, General Surgery",General Surgery,2026-02-26,2026-02-26,
APP-2026-012,1,LP-1012,2026-03-02,2026-03-02,Sandvik,Linnea,M,1983,MD,1108275711,WA,"Staff Physician, Internal Medicine",Internal Medicine,2026-03-02,2026-03-02,
APP-2026-013,1,LP-1013,2026-01-29,2026-01-29,Orlovsky,Dmitri,,1981,MD,1116951020,WA,"Staff Physician, Internal Medicine",Internal Medicine,2026-01-29,2026-01-29,
APP-2026-014,1,LP-1014,2026-02-02,2026-02-02,Mendez-Ruiz,Yolanda,A,1984,MD,1125626329,WA,"Staff Physician, Internal Medicine",Internal Medicine,2026-02-02,2026-02-02,
APP-2026-015,1,LP-1015,2026-02-05,2026-02-05,Tachibana,Hideo,,1977,MD,1134301638,WA,"Staff Physician, General Surgery",General Surgery,2026-02-05,2026-02-05,
APP-2026-016,1,LP-1016,2026-02-09,2026-02-09,Delacroix,Marguerite,R,1986,MD,1142976947,WA,"Staff Physician, Family Medicine",Family Medicine,2026-02-09,2026-02-09,
APP-2026-017,1,LP-1017,2026-02-12,2026-02-12,Lindqvist,Oskar,H,1979,MD,1151652256,WA,"Staff Physician, Emergency Medicine",Emergency Medicine,2026-02-12,2026-02-12,
APP-2026-018,1,LP-1018,2026-02-23,2026-02-23,Banerjee,Anaya,,1988,MD,1160327565,WA,"Staff Physician, Internal Medicine",Internal Medicine,2026-02-23,2026-02-23,
APP-2026-019,1,LP-1019,2026-02-11,2026-02-11,Callaghan,Fionn,P,1985,MD,1169002874,WA,"Staff Physician, Hospital Medicine",Hospital Medicine,,,
APP-2026-020,1,LP-1020,2026-02-09,2026-02-09,Whitcombe,Tabitha,L,1983,MD,1177678183,WA,"Staff Physician, Diagnostic Radiology",Diagnostic Radiology,2026-02-09,2026-02-09,
APP-2026-021,1,LP-1021,2026-02-16,2026-02-16,Adeyemi,Emeka,K,1976,MD,1186353492,WA,"Staff Physician, Family Medicine",Family Medicine,2026-02-16,2026-02-16,
APP-2026-022,1,LP-1022,2026-02-19,2026-02-19,Halvorsen,Sigrid,,1982,MD,1195028801,WA,"Staff Physician, Psychiatry",Psychiatry,2026-02-19,2026-02-19,
APP-2026-023,1,LP-1023,2026-02-02,2026-02-02,Esposito-Vela,Joaquin,R,1980,MD,1203704110,WA,"Staff Physician, Anesthesiology",Anesthesiology,2026-02-02,2026-02-02,
APP-2026-024,1,LP-1024,2026-02-05,2026-02-05,Chatterji,Mira,,1987,MD,1212379419,WA,"Staff Physician, Obstetrics and Gynecology",Obstetrics and Gynecology,2026-02-05,2026-02-05,
APP-2026-025,1,LP-1025,2024-04-22,2024-04-22,Vandermeer,Leander,C,1978,MD,1221054728,WA,"Staff Physician, Internal Medicine",Internal Medicine,2024-04-22,2024-04-22,
APP-2026-025,2,LP-1025,2026-02-03,2024-04-22,Vandermeer,Leander,C,1978,MD,1221054728,WA,"Staff Physician, Internal Medicine",Internal Medicine,2024-04-22,2024-04-22,"Added the Washington licence issued 2026-01-14, which the file had been waiting for since 2024."
APP-2026-026,1,LP-1026,2026-02-16,2026-02-16,Ashworth,Rosalind,E,1981,MD,1229730037,WA,"Staff Physician, Internal Medicine",Internal Medicine,2026-02-16,2026-02-16,
APP-2026-027,1,LP-1027,2026-02-19,2026-02-19,Boateng,Kwabena,,1975,MD,1238405346,WA,"Staff Physician, Family Medicine",Family Medicine,2026-02-19,2026-02-19,
APP-2026-028,1,LP-1028,2026-02-09,2026-02-09,Kovačević,Vesna,,1984,MD,1247080655,WA,"Staff Physician, Pediatrics",Pediatrics,2026-02-09,2026-02-09,
APP-2026-029,1,LP-1029,2026-02-12,2026-02-12,Marchetti,Aurelio,M,1980,MD,1255755964,WA,"Staff Physician, Family Medicine",Family Medicine,2026-02-12,2026-02-12,
APP-2026-030,1,LP-1030,2026-02-05,2026-02-05,Beaumont,Delphine,,1986,MD,1264431273,WA,"Staff Physician, Internal Medicine",Internal Medicine,2026-02-05,2026-02-05,
APP-2026-031,1,LP-1031,2026-02-16,2026-02-16,Matsuda,Kenji,,1983,MD,1273106582,WA,"Staff Physician, Hospital Medicine",Hospital Medicine,2026-02-16,2026-02-16,
APP-2026-032,1,LP-1032,2026-02-23,2026-02-23,Qureshi,Nadira,,1985,MD,1281781891,WA,"Staff Physician, Obstetrics and Gynecology",Obstetrics and Gynecology,2026-02-23,2026-02-23,
APP-2026-033,1,LP-1033,2026-02-19,2026-02-19,Pennington,Thaddeus,G,1979,MD,1290457200,WA,"Staff Physician, Diagnostic Radiology",Diagnostic Radiology,2026-02-19,2026-02-19,
APP-2026-034,1,LP-1034,2026-01-29,2026-01-29,Lindholm,Ingrid,B,1982,MD,1299132509,WA,"Staff Physician, Emergency Medicine",Emergency Medicine,2026-01-29,2026-01-29,
APP-2026-035,1,LP-1035,2026-02-05,2026-02-05,Haddad,Samira,,1981,MD,1307807818,WA,"Staff Physician, General Surgery",General Surgery,2026-02-05,2026-02-05,
APP-2026-036,1,LP-1036,2026-01-29,2026-01-29,Zielinski,Piotr,W,1983,MD,1316483127,WA,"Staff Physician, Family Medicine",Family Medicine,2026-01-29,2026-01-29,
APP-2026-037,1,LP-1037,2026-02-02,2026-02-02,Thornbury,Clementine,A,1984,MD,1325158436,WA,"Staff Physician, Family Medicine",Family Medicine,2026-02-02,2026-02-02,
APP-2026-038,1,LP-1038,2026-02-12,2026-02-12,Eze-Okafor,Obi,,1986,MD,1333833745,WA,"Staff Physician, Emergency Medicine",Emergency Medicine,2026-02-12,2026-02-12,
APP-2026-039,1,LP-1039,2026-02-05,2026-02-05,Bergmann,Hanne,L,1980,MD,1342509054,WA,"Staff Physician, Internal Medicine",Internal Medicine,2026-02-05,2026-02-05,
APP-2026-040,1,LP-1040,2026-01-26,2026-01-26,Mistry,Zubin,,1982,MD,1351184363,WA,"Staff Physician, Hospital Medicine",Hospital Medicine,2026-01-26,2026-01-26,
