reply_id,application_id,declaration_id,board_name,board_code,received_from,certificate_specialty,certification_status,initial_certification_date,expiry_date,requested_date,received_date,reply_method,notes
CR-00100,APP-2026-001,DEC-0101,American Board of Family Medicine,ABFM,Certifying board — American Board of Family Medicine,Family Medicine,Active,2013-09-20,2030-12-31,2026-01-29,2026-02-13,secure portal,
CR-00200,APP-2026-002,DEC-0201,American Board of Internal Medicine,ABIM,Certifying board — American Board of Internal Medicine,Internal Medicine,Active,2014-10-15,2029-12-31,2026-02-05,2026-02-20,secure portal,
CR-00300,APP-2026-003,DEC-0301,American Board of Emergency Medicine,ABEM,Certifying board — American Board of Emergency Medicine,Emergency Medicine,Active,2011-11-04,2031-12-31,2026-02-01,2026-02-16,secure portal,
CR-00400,APP-2026-004,DEC-0401,American Board of Pediatrics,ABP,Certifying board — American Board of Pediatrics,Pediatrics,Active,2016-10-21,2030-12-31,2026-02-12,2026-02-27,secure portal,
CR-00500,APP-2026-005,DEC-0501,American Board of Radiology,ABR,Certifying board — American Board of Radiology,Diagnostic Radiology,Active,2013-12-06,2033-12-31,2026-02-08,2026-02-23,secure portal,
CR-00600,APP-2026-006,DEC-0601,American Board of Anesthesiology,ABA,Certifying board — American Board of Anesthesiology,Anesthesiology,Active,2016-11-18,2029-12-31,2026-02-15,2026-03-02,secure portal,
CR-00700,APP-2026-007,DEC-0701,American Board of Psychiatry and Neurology,ABPN,Certifying board — American Board of Psychiatry and Neurology,Psychiatry,Active,2011-12-02,2031-12-31,2026-01-29,2026-02-13,secure portal,
CR-00800,APP-2026-008,DEC-0801,American Board of Obstetrics and Gynecology,ABOG,Certifying board — American Board of Obstetrics and Gynecology,Obstetrics and Gynecology,Active,2014-11-10,2030-12-31,2026-02-19,2026-03-06,secure portal,
CR-00900,APP-2026-009,DEC-0902,American Osteopathic Board of Family Physicians,AOBFP,Certifying board — American Osteopathic Board of Family Physicians,Family Practice,Active,2012-10-19,2030-12-31,2026-02-22,2026-03-09,secure portal,
CR-01000,APP-2026-010,DEC-1001,American Board of Pediatrics,ABP,Certifying board — American Board of Pediatrics,Pediatrics,Not certified,,,2026-02-26,2026-03-13,secure portal,Candidate in good standing; board eligible through 2027-06-30.
CR-01300,APP-2026-013,DEC-1301,American Board of Internal Medicine,ABIM,Certifying board — American Board of Internal Medicine,Internal Medicine,Active,2011-11-08,2028-12-31,2026-02-01,2026-02-16,secure portal,
CR-01400,APP-2026-014,DEC-1401,American Board of Internal Medicine,ABIM,Certifying board — American Board of Internal Medicine,Internal Medicine,Active,2013-10-18,2029-12-31,2026-02-05,2026-02-20,secure portal,
CR-01500,APP-2026-015,DEC-1501,American Board of Surgery,ABS,Certifying board — American Board of Surgery,Surgery,Active,2009-12-07,2029-12-31,2026-02-08,2026-02-23,secure portal,
CR-01600,APP-2026-016,DEC-1601,American Board of Family Medicine,ABFM,Certifying board — American Board of Family Medicine,Family Medicine,Active,2015-10-20,2031-12-31,2026-02-12,2026-02-27,secure portal,
CR-01700,APP-2026-017,DEC-1701,American Board of Emergency Medicine,ABEM,Certifying board — American Board of Emergency Medicine,Emergency Medicine,Active,2010-11-15,2030-12-31,2026-02-15,2026-03-02,secure portal,
CR-01800,APP-2026-018,DEC-1801,American Board of Internal Medicine,ABIM,Certifying board — American Board of Internal Medicine,Internal Medicine,Active,2017-11-13,2029-12-31,2026-02-26,2026-03-13,secure portal,
CR-02000,APP-2026-020,DEC-2001,American Board of Radiology,ABR,Certifying board — American Board of Radiology,Diagnostic Radiology,Active,2013-12-09,2033-12-31,2026-02-12,2026-02-27,secure portal,
CR-02100,APP-2026-021,DEC-2101,American Board of Family Medicine,ABFM,Certifying board — American Board of Family Medicine,Family Medicine,Active,2005-11-04,2029-12-31,2026-02-19,2026-03-06,secure portal,
CR-02200,APP-2026-022,DEC-2201,American Board of Psychiatry and Neurology,ABPN,Certifying board — American Board of Psychiatry and Neurology,Psychiatry,Active,2012-12-04,2030-12-31,2026-02-22,2026-03-09,secure portal,
CR-02300,APP-2026-023,DEC-2301,American Board of Anesthesiology,ABA,Certifying board — American Board of Anesthesiology,Anesthesiology,Active,2010-11-22,2029-12-31,2026-02-05,2026-02-20,secure portal,
CR-02400,APP-2026-024,DEC-2401,American Board of Obstetrics and Gynecology,ABOG,Certifying board — American Board of Obstetrics and Gynecology,Obstetrics and Gynecology,Active,2017-11-06,2030-12-31,2026-02-08,2026-02-23,secure portal,
CR-02500,APP-2026-025,DEC-2502,American Board of Internal Medicine,ABIM,Certifying board — American Board of Internal Medicine,Internal Medicine,Active,2007-11-13,2027-12-31,2024-04-25,2024-05-10,secure portal,
CR-02600,APP-2026-026,DEC-2601,American Board of Internal Medicine,ABIM,Certifying board — American Board of Internal Medicine,Internal Medicine,Active,2010-11-15,2029-12-31,2026-02-19,2026-03-06,secure portal,
CR-02700,APP-2026-027,DEC-2701,American Board of Surgery,ABS,Certifying board — American Board of Surgery,Surgery,Inactive,2009-07-15,2019-12-31,2026-02-22,2026-03-09,secure portal,
CR-02701,APP-2026-027,DEC-2702,American Board of Family Medicine,ABFM,Certifying board — American Board of Family Medicine,Family Medicine,Active,2009-11-10,2031-12-31,2026-02-22,2026-03-09,secure portal,
CR-02800,APP-2026-028,DEC-2801,American Board of Pediatrics,ABP,Certifying board — American Board of Pediatrics,Pediatrics,Active,2013-10-14,2029-12-31,2026-02-12,2026-02-27,secure portal,
CR-02900,APP-2026-029,DEC-2901,American Board of Family Medicine,ABFM,Certifying board — American Board of Family Medicine,Family Medicine,Active,2009-11-16,2029-12-31,2026-02-15,2026-03-02,secure portal,
CR-03000,APP-2026-030,DEC-3001,American Board of Internal Medicine,ABIM,Certifying board — American Board of Internal Medicine,Internal Medicine,Active,2015-11-09,2029-12-31,2026-02-08,2026-02-23,secure portal,
CR-03100,APP-2026-031,DEC-3101,American Board of Internal Medicine,ABIM,Certifying board — American Board of Internal Medicine,Internal Medicine,Active,2012-11-13,2028-12-31,2026-02-19,2026-03-06,secure portal,
CR-03200,APP-2026-032,DEC-3201,American Board of Obstetrics and Gynecology,ABOG,Certifying board — American Board of Obstetrics and Gynecology,Obstetrics and Gynecology,Active,2015-11-16,2030-12-31,2026-02-26,2026-03-13,secure portal,
CR-03300,APP-2026-033,DEC-3301,American Board of Radiology,ABR,Certifying board — American Board of Radiology,Diagnostic Radiology,Active,2009-12-08,2029-12-31,2026-02-22,2026-03-09,secure portal,
CR-03400,APP-2026-034,DEC-3401,American Board of Emergency Medicine,ABEM,Certifying board — American Board of Emergency Medicine,Emergency Medicine,Active,2011-11-21,2030-12-31,2026-02-01,2026-02-16,secure portal,
CR-03500,APP-2026-035,DEC-3501,American Board of Surgery,ABS,Certifying board — American Board of Surgery,Surgery,Active,2012-11-20,2029-12-31,2026-02-08,2026-02-23,secure portal,
CR-03600,APP-2026-036,DEC-3601,American Board of Family Medicine,ABFM,Certifying board — American Board of Family Medicine,Family Medicine,Active,2012-11-16,2030-12-31,2026-02-01,2026-02-16,secure portal,
CR-03700,APP-2026-037,DEC-3701,American Board of Family Medicine,ABFM,Certifying board — American Board of Family Medicine,Family Medicine,Active,2013-11-08,2030-12-31,2026-02-05,2026-02-20,secure portal,
CR-03800,APP-2026-038,DEC-3801,American Board of Emergency Medicine,ABEM,Certifying board — American Board of Emergency Medicine,Emergency Medicine,Active,2015-11-13,2031-12-31,2026-02-15,2026-03-02,secure portal,
CR-03900,APP-2026-039,DEC-3901,American Board of Internal Medicine,ABIM,Certifying board — American Board of Internal Medicine,Internal Medicine,Active,2009-11-17,2028-12-31,2026-02-08,2026-02-23,secure portal,
CR-04000,APP-2026-040,DEC-4001,American Board of Internal Medicine,ABIM,Certifying board — American Board of Internal Medicine,Internal Medicine,Active,2011-11-12,2028-12-31,2026-01-29,2026-02-13,secure portal,
