entry_id,application_id,revision,entry_type,organization,location,role,from_date,to_date,hours_per_week,contact_name,contact_email,notes
ENT-0100,APP-2026-001,1,medical-school,Dunleath University School of Medicine,"Dunleath, OH",Doctor of Medicine,2006-08-21,2010-06-30,,Yolanda Kjeldsen,yolanda.kjeldsen@dunleath.example,
ENT-0101,APP-2026-001,1,residency,Braypoint Regional Medical Center,"Braypoint, WA",Family Medicine Residency,2010-07-01,2013-06-30,60,Emeka Nandakumar,emeka.nandakumar@braypoint.example,
ENT-0102,APP-2026-001,1,employment,Kettlebrook Family Clinic,"Kettlebrook, WA",Staff Physician,2013-07-08,2019-09-30,40,Vesna Brackwood,vesna.brackwood@kettlebrook.example,
ENT-0103,APP-2026-001,1,employment,Northsound Medical Group,"Everleigh, WA",Staff Physician,2019-10-07,,40,Samira Whitcombe,samira.whitcombe@northsound.example,
ENT-0200,APP-2026-002,1,medical-school,Marrowfield College of Medicine,"Marrowfield, IL",Doctor of Medicine,2007-08-20,2011-06-30,,Mira Pennington,mira.pennington@marrowfield.example,
ENT-0201,APP-2026-002,1,residency,Cedar Quarry University Hospital,"Cedar Quarry, OR",Internal Medicine Residency,2011-07-01,2014-06-30,60,Kenji Siddiqui,kenji.siddiqui@cedar.example,
ENT-0202,APP-2026-002,1,employment,Harrowgate Community Health,"Harrowgate, WA",Hospitalist,2014-07-07,2021-12-31,40,Obi Bjornstad,obi.bjornstad@harrowgate.example,
ENT-0203,APP-2026-002,1,employment,Silverbeck Physicians Group,"Silverbeck, WA",Hospitalist,2022-01-10,,40,Lucia Okpara,lucia.okpara@silverbeck.example,
ENT-0300,APP-2026-003,1,medical-school,Quillhaven State University School of Medicine,"Quillhaven, OR",Doctor of Medicine,2004-08-23,2008-06-30,,Ingrid Sandvik,ingrid.sandvik@quillhaven.example,
ENT-0301,APP-2026-003,1,residency,Ashgrove Memorial Hospital,"Ashgrove, ID",Emergency Medicine Residency,2008-07-01,2011-06-30,60,Cordelia Esposito-Vela,cordelia.esposito@ashgrove.example,
ENT-0302,APP-2026-003,1,employment,Mosswater Valley Hospital,"Mosswater, WA",Emergency Physician,2011-07-05,2018-08-31,36,Tarek Zielinski,tarek.zielinski@mosswater.example,
ENT-0303,APP-2026-003,1,employment,Two Rivers Health Partners,"Two Rivers, OR",Emergency Physician,2018-09-04,,36,Gustav Larkspur,gustav.larkspur@two.example,
ENT-0400,APP-2026-004,1,medical-school,Aldersgate University School of Medicine,"Aldersgate, PA",Doctor of Medicine,2009-08-24,2013-06-30,,Desmond Oduya,desmond.oduya@aldersgate.example,
ENT-0401,APP-2026-004,1,residency,Fernhollow Medical Center,"Fernhollow, WA",Pediatrics Residency,2013-07-01,2016-06-30,60,Xiomara Okonkwo,xiomara.okonkwo@fernhollow.example,
ENT-0402,APP-2026-004,1,employment,Bellamy Creek Medical Center,"Bellamy Creek, ID",Pediatrician,2016-07-30,2022-04-30,40,Marit Mendez-Ruiz,marit.mendez@bellamy.example,
ENT-0403,APP-2026-004,1,employment,Orchard Row Specialty Clinic,"Orchard Row, WA",Pediatrician,2022-05-09,,40,Elliot Vandermeer,elliot.vandermeer@orchard.example,
ENT-0500,APP-2026-005,1,medical-school,Brackenridge College of Osteopathic Medicine,"Brackenridge, MO",Doctor of Medicine,2005-08-22,2009-06-30,,Iyanla Bergmann,iyanla.bergmann@brackenridge.example,
ENT-0501,APP-2026-005,1,residency,Tolliver General Hospital,"Tolliver, MN",Diagnostic Radiology Residency,2009-07-01,2013-06-30,60,Marcus Nordstrand,marcus.nordstrand@tolliver.example,
ENT-0502,APP-2026-005,1,employment,Larkhollow Physicians Network,"Larkhollow, WA",Radiologist,2013-07-31,2020-11-30,40,Soraya Sarpong,soraya.sarpong@larkhollow.example,
ENT-0503,APP-2026-005,1,employment,Greyfen Regional Hospital,"Greyfen, WA",Radiologist,2020-12-07,,40,Hideo Ferndale,hideo.ferndale@greyfen.example,
ENT-0600,APP-2026-006,1,medical-school,Thistlewood University School of Medicine,"Thistlewood, NY",Doctor of Medicine,2008-08-25,2012-06-30,,Priya Lindqvist,priya.lindqvist@thistlewood.example,
ENT-0601,APP-2026-006,1,residency,Westmarch University Medical Center,"Westmarch, CO",Anesthesiology Residency,2012-07-01,2016-06-30,60,Rafael Kovačević,rafael.kovačević@westmarch.example,
ENT-0602,APP-2026-006,1,employment,Willowmere Health Cooperative,"Willowmere, WA",Anesthesiologist,2016-07-11,,40,Anaya Ravenscroft,anaya.ravenscroft@willowmere.example,
ENT-0700,APP-2026-007,1,medical-school,Pellingham University School of Medicine,"Pellingham, MA",Doctor of Medicine,2003-08-25,2007-06-30,,Yolanda Ndiaye,yolanda.ndiaye@pellingham.example,
ENT-0701,APP-2026-007,1,residency,Saltmarsh Regional Health,"Saltmarsh, ME",Psychiatry Residency,2007-07-01,2011-06-30,60,Emeka Farahani,emeka.farahani@saltmarsh.example,
ENT-0702,APP-2026-007,1,employment,Stonebridge Medical Associates,"Stonebridge, OR",Psychiatrist,2011-07-06,2017-03-31,40,Vesna Callaghan,vesna.callaghan@stonebridge.example,
ENT-0703,APP-2026-007,1,employment,Kettlebrook Family Clinic,"Kettlebrook, WA",Psychiatrist,2017-04-10,,32,Samira Matsuda,samira.matsuda@kettlebrook.example,
ENT-0800,APP-2026-008,1,medical-school,Corvale College of Osteopathic Medicine,"Corvale, IA",Doctor of Medicine,2006-08-21,2010-06-30,,Mira Montalvo,mira.montalvo@corvale.example,
ENT-0801,APP-2026-008,1,residency,Kirkwallow Teaching Hospital,"Kirkwallow, WI",Obstetrics and Gynecology Residency,2010-07-01,2014-06-30,60,Kenji Zabrowski,kenji.zabrowski@kirkwallow.example,
ENT-0802,APP-2026-008,1,employment,Northsound Medical Group,"Everleigh, WA",Obstetrician and Gynecologist,2014-07-14,,40,Obi Villareal,obi.villareal@northsound.example,
ENT-0900,APP-2026-009,1,medical-school,Brackenridge College of Osteopathic Medicine,"Brackenridge, MO",Doctor of Osteopathic Medicine,2005-08-22,2009-06-30,,Ingrid Halvorsen,ingrid.halvorsen@brackenridge.example,
ENT-0901,APP-2026-009,1,residency,Drumlin Bay Medical Center,"Drumlin Bay, WA",Family Medicine Residency,2009-07-01,2012-06-30,60,Cordelia Haddad,cordelia.haddad@drumlin.example,
ENT-0902,APP-2026-009,1,employment,Two Rivers Health Partners,"Two Rivers, OR",Staff Physician,2012-07-09,2020-06-30,40,Tarek Bayoumi,tarek.bayoumi@two.example,
ENT-0903,APP-2026-009,1,employment,Harrowgate Community Health,"Harrowgate, WA",Staff Physician,2020-07-06,,40,Gustav Kettering,gustav.kettering@harrowgate.example,
ENT-1000,APP-2026-010,1,medical-school,Ravensmoor University School of Medicine,"Ravensmoor, MI",Doctor of Medicine,2015-08-24,2019-06-30,,Desmond Holloway,desmond.holloway@ravensmoor.example,
ENT-1001,APP-2026-010,1,residency,Pinevale University Hospital,"Pinevale, UT",Pediatrics Residency,2019-07-01,2022-06-30,60,Xiomara Orlovsky,xiomara.orlovsky@pinevale.example,
ENT-1002,APP-2026-010,1,employment,Larkhollow Physicians Network,"Larkhollow, WA",Pediatrician,2022-07-11,,40,Marit Chatterji,marit.chatterji@larkhollow.example,
ENT-1100,APP-2026-011,1,medical-school,Steadmere University School of Medicine,"Steadmere, NC",Doctor of Medicine,2000-08-21,2004-06-30,,Iyanla Vasquez-Ruiz,iyanla.vasquez@steadmere.example,
ENT-1101,APP-2026-011,1,residency,Tolliver General Hospital,"Tolliver, MN",General Surgery Residency,2004-07-01,2009-06-30,60,Marcus Ellingboe,marcus.ellingboe@tolliver.example,
ENT-1102,APP-2026-011,1,employment,Greyfen Regional Hospital,"Greyfen, WA",General Surgeon,2009-07-13,2016-09-30,45,Soraya Wiśniewski,soraya.wiśniewski@greyfen.example,
ENT-1103,APP-2026-011,1,employment,Willowmere Health Cooperative,"Willowmere, WA",General Surgeon,2016-10-03,,45,Hideo Tachibana,hideo.tachibana@willowmere.example,
ENT-1200,APP-2026-012,1,medical-school,Halloway Point School of Medicine,"Halloway Point, CA",Doctor of Medicine,2005-08-22,2009-06-30,,Priya Boateng,priya.boateng@halloway.example,
ENT-1201,APP-2026-012,1,residency,Westmarch University Medical Center,"Westmarch, CO",Internal Medicine Residency,2009-07-01,2012-06-30,60,Rafael Mistry,rafael.mistry@westmarch.example,
ENT-1202,APP-2026-012,1,employment,Stonebridge Medical Associates,"Stonebridge, OR",Staff Physician,2012-07-16,,32,Anaya Achebe,anaya.achebe@stonebridge.example,
ENT-1203,APP-2026-012,1,teaching,Northsound Medical Group,"Everleigh, WA",Clinical Instructor,2015-09-01,2021-06-30,8,Leander Vukovic,leander.vukovic@northsound.example,
ENT-1300,APP-2026-013,1,medical-school,Windthorne University College of Medicine,"Windthorne, TX",Doctor of Medicine,2004-08-23,2008-06-30,,Yolanda Sternhagen,yolanda.sternhagen@windthorne.example,
ENT-1301,APP-2026-013,1,residency,Saltmarsh Regional Health,"Saltmarsh, ME",Internal Medicine Residency,2008-07-01,2011-06-30,60,Emeka Banerjee,emeka.banerjee@saltmarsh.example,
ENT-1302,APP-2026-013,1,employment,Silverbeck Physicians Group,"Silverbeck, WA",Staff Physician,2011-07-11,2019-05-31,40,Vesna Beaumont,vesna.beaumont@silverbeck.example,
ENT-1303,APP-2026-013,1,employment,Mosswater Valley Hospital,"Mosswater, WA",Staff Physician,2019-06-10,,40,Samira Nowicki,samira.nowicki@mosswater.example,
ENT-1400,APP-2026-014,1,medical-school,Dunleath University School of Medicine,"Dunleath, OH",Doctor of Medicine,2006-08-21,2010-06-30,,Mira Kjeldsen,mira.kjeldsen@dunleath.example,
ENT-1401,APP-2026-014,1,residency,Kirkwallow Teaching Hospital,"Kirkwallow, WI",Internal Medicine Residency,2010-07-01,2013-06-30,60,Kenji Nandakumar,kenji.nandakumar@kirkwallow.example,
ENT-1402,APP-2026-014,1,employment,Two Rivers Health Partners,"Two Rivers, OR",Hospitalist,2013-07-15,2020-10-31,40,Obi Brackwood,obi.brackwood@two.example,
ENT-1403,APP-2026-014,1,employment,Bellamy Creek Medical Center,"Bellamy Creek, ID",Hospitalist,2020-11-09,,40,Lucia Whitcombe,lucia.whitcombe@bellamy.example,
ENT-1500,APP-2026-015,1,medical-school,Quillhaven State University School of Medicine,"Quillhaven, OR",Doctor of Medicine,2000-08-21,2004-06-30,,Ingrid Pennington,ingrid.pennington@quillhaven.example,
ENT-1501,APP-2026-015,1,residency,Drumlin Bay Medical Center,"Drumlin Bay, WA",General Surgery Residency,2004-07-01,2009-06-30,60,Cordelia Siddiqui,cordelia.siddiqui@drumlin.example,
ENT-1502,APP-2026-015,1,employment,Orchard Row Specialty Clinic,"Orchard Row, WA",General Surgeon,2009-07-13,2018-12-31,45,Tarek Bjornstad,tarek.bjornstad@orchard.example,
ENT-1503,APP-2026-015,1,employment,Greyfen Regional Hospital,"Greyfen, WA",General Surgeon,2019-01-14,,45,Gustav Okpara,gustav.okpara@greyfen.example,
ENT-1600,APP-2026-016,1,medical-school,Pellingham University School of Medicine,"Pellingham, MA",Doctor of Medicine,2008-08-25,2012-06-30,,Desmond Sandvik,desmond.sandvik@pellingham.example,
ENT-1601,APP-2026-016,1,residency,Pinevale University Hospital,"Pinevale, UT",Family Medicine Residency,2012-07-01,2015-06-30,60,Xiomara Esposito-Vela,xiomara.esposito@pinevale.example,
ENT-1602,APP-2026-016,1,employment,Larkhollow Physicians Network,"Larkhollow, WA",Staff Physician,2015-07-06,2021-06-30,24,Marit Zielinski,marit.zielinski@larkhollow.example,
ENT-1603,APP-2026-016,1,employment,Willowmere Health Cooperative,"Willowmere, WA",Staff Physician,2018-09-01,2023-12-31,16,Elliot Larkspur,elliot.larkspur@willowmere.example,
ENT-1604,APP-2026-016,1,employment,Harrowgate Community Health,"Harrowgate, WA",Staff Physician,2024-01-08,,40,Linnea Marchetti,linnea.marchetti@harrowgate.example,
ENT-1700,APP-2026-017,1,medical-school,Steadmere University School of Medicine,"Steadmere, NC",Doctor of Medicine,2003-08-25,2007-06-30,,Iyanla Oduya,iyanla.oduya@steadmere.example,
ENT-1701,APP-2026-017,1,residency,Braypoint Regional Medical Center,"Braypoint, WA",Emergency Medicine Residency,2007-07-01,2010-06-30,60,Marcus Okonkwo,marcus.okonkwo@braypoint.example,
ENT-1702,APP-2026-017,1,employment,Mosswater Valley Hospital,"Mosswater, WA",Emergency Physician,2010-07-12,2019-03-31,40,Soraya Mendez-Ruiz,soraya.mendez@mosswater.example,
ENT-1703,APP-2026-017,1,employment,Stonebridge Medical Associates,"Stonebridge, OR",Emergency Physician,2012-01-01,2019-03-31,12,Hideo Vandermeer,hideo.vandermeer@stonebridge.example,
ENT-1704,APP-2026-017,1,employment,Kettlebrook Family Clinic,"Kettlebrook, WA",Emergency Physician,2019-11-06,,36,Sigrid Eze-Okafor,sigrid.eze@kettlebrook.example,
ENT-1800,APP-2026-018,1,medical-school,Thistlewood University School of Medicine,"Thistlewood, NY",Doctor of Medicine,2010-08-23,2014-06-30,,Priya Bergmann,priya.bergmann@thistlewood.example,
ENT-1801,APP-2026-018,1,residency,Cedar Quarry University Hospital,"Cedar Quarry, OR",Internal Medicine Residency,2014-07-01,2017-06-30,60,Rafael Nordstrand,rafael.nordstrand@cedar.example,
ENT-1802,APP-2026-018,1,employment,Willowmere Health Cooperative,"Willowmere, WA",Staff Physician,2017-07-10,2024-05-01,40,Anaya Sarpong,anaya.sarpong@willowmere.example,
ENT-1803,APP-2026-018,1,employment,Silverbeck Physicians Group,"Silverbeck, WA",Staff Physician,2024-06-02,,40,Leander Ferndale,leander.ferndale@silverbeck.example,
ENT-1900,APP-2026-019,1,medical-school,Corvale College of Osteopathic Medicine,"Corvale, IA",Doctor of Medicine,2007-08-20,2011-06-30,,Yolanda Lindqvist,yolanda.lindqvist@corvale.example,
ENT-1901,APP-2026-019,1,residency,Ashgrove Memorial Hospital,"Ashgrove, ID",Internal Medicine Residency,2011-07-01,2014-06-30,60,Emeka Kovačević,emeka.kovačević@ashgrove.example,
ENT-1902,APP-2026-019,1,employment,Bellamy Creek Medical Center,"Bellamy Creek, ID",Hospitalist,2014-07-14,,40,Vesna Ravenscroft,vesna.ravenscroft@bellamy.example,
ENT-2000,APP-2026-020,1,medical-school,Steadmere University School of Medicine,"Steadmere, NC",Doctor of Medicine,2005-08-22,2009-06-30,,Mira Ndiaye,mira.ndiaye@steadmere.example,
ENT-2001,APP-2026-020,1,residency,Fernhollow Medical Center,"Fernhollow, WA",Diagnostic Radiology Residency,2009-07-01,2013-06-30,60,Kenji Farahani,kenji.farahani@fernhollow.example,
ENT-2002,APP-2026-020,1,employment,Orchard Row Specialty Clinic,"Orchard Row, WA",Radiologist,2013-07-22,,40,Obi Callaghan,obi.callaghan@orchard.example,
ENT-2100,APP-2026-021,1,medical-school,Cascade Valley College of Medicine,"Cascade Valley, WA",Doctor of Medicine,1998-08-24,2002-06-30,,Ingrid Montalvo,ingrid.montalvo@cascade.example,
ENT-2101,APP-2026-021,1,residency,Tolliver General Hospital,"Tolliver, MN",Family Medicine Residency,2002-07-01,2005-06-30,60,Cordelia Zabrowski,cordelia.zabrowski@tolliver.example,
ENT-2102,APP-2026-021,1,employment,Larkhollow Physicians Network,"Larkhollow, WA",Staff Physician,2005-07-11,2015-08-31,40,Tarek Villareal,tarek.villareal@larkhollow.example,
ENT-2103,APP-2026-021,1,employment,Greyfen Regional Hospital,"Greyfen, WA",Staff Physician,2015-09-07,,40,Gustav Nwachukwu,gustav.nwachukwu@greyfen.example,
ENT-2200,APP-2026-022,1,medical-school,Aldersgate University School of Medicine,"Aldersgate, PA",Doctor of Medicine,2004-08-23,2008-06-30,,Desmond Halvorsen,desmond.halvorsen@aldersgate.example,
ENT-2201,APP-2026-022,1,residency,Westmarch University Medical Center,"Westmarch, CO",Psychiatry Residency,2008-07-01,2012-06-30,60,Xiomara Haddad,xiomara.haddad@westmarch.example,
ENT-2202,APP-2026-022,1,employment,Stonebridge Medical Associates,"Stonebridge, OR",Psychiatrist,2012-07-09,,36,Marit Bayoumi,marit.bayoumi@stonebridge.example,
ENT-2300,APP-2026-023,1,medical-school,Ravensmoor University School of Medicine,"Ravensmoor, MI",Doctor of Medicine,2002-08-26,2006-06-30,,Iyanla Holloway,iyanla.holloway@ravensmoor.example,
ENT-2301,APP-2026-023,1,residency,Saltmarsh Regional Health,"Saltmarsh, ME",Anesthesiology Residency,2006-07-01,2010-06-30,60,Marcus Orlovsky,marcus.orlovsky@saltmarsh.example,
ENT-2302,APP-2026-023,1,employment,Kettlebrook Family Clinic,"Kettlebrook, WA",Anesthesiologist,2010-07-12,2017-07-31,40,Soraya Chatterji,soraya.chatterji@kettlebrook.example,
ENT-2303,APP-2026-023,1,employment,Two Rivers Health Partners,"Two Rivers, OR",Anesthesiologist,2017-08-07,,40,Hideo Thornbury,hideo.thornbury@two.example,
ENT-2400,APP-2026-024,1,medical-school,Marrowfield College of Medicine,"Marrowfield, IL",Doctor of Medicine,2009-08-24,2013-06-30,,Priya Vasquez-Ruiz,priya.vasquez@marrowfield.example,
ENT-2401,APP-2026-024,1,residency,Kirkwallow Teaching Hospital,"Kirkwallow, WI",Obstetrics and Gynecology Residency,2013-07-01,2017-06-30,60,Rafael Ellingboe,rafael.ellingboe@kirkwallow.example,
ENT-2402,APP-2026-024,1,employment,Harrowgate Community Health,"Harrowgate, WA",Obstetrician and Gynecologist,2017-07-17,,40,Anaya Wiśniewski,anaya.wiśniewski@harrowgate.example,
ENT-2500,APP-2026-025,1,medical-school,Windthorne University College of Medicine,"Windthorne, TX",Doctor of Medicine,2000-08-21,2004-06-30,,Yolanda Boateng,yolanda.boateng@windthorne.example,
ENT-2500,APP-2026-025,2,medical-school,Windthorne University College of Medicine,"Windthorne, TX",Doctor of Medicine,2000-08-21,2004-06-30,,Yolanda Boateng,yolanda.boateng@windthorne.example,
ENT-2501,APP-2026-025,1,residency,Pinevale University Hospital,"Pinevale, UT",Internal Medicine Residency,2004-07-01,2007-06-30,60,Emeka Mistry,emeka.mistry@pinevale.example,
ENT-2501,APP-2026-025,2,residency,Pinevale University Hospital,"Pinevale, UT",Internal Medicine Residency,2004-07-01,2007-06-30,60,Emeka Mistry,emeka.mistry@pinevale.example,
ENT-2502,APP-2026-025,1,employment,Two Rivers Health Partners,"Two Rivers, OR",Staff Physician,2007-07-16,2018-12-31,40,Vesna Achebe,vesna.achebe@two.example,
ENT-2502,APP-2026-025,2,employment,Two Rivers Health Partners,"Two Rivers, OR",Staff Physician,2007-07-16,2018-12-31,40,Vesna Achebe,vesna.achebe@two.example,
ENT-2503,APP-2026-025,1,employment,Stonebridge Medical Associates,"Stonebridge, OR",Staff Physician,2019-01-14,,40,Samira Vukovic,samira.vukovic@stonebridge.example,
ENT-2503,APP-2026-025,2,employment,Stonebridge Medical Associates,"Stonebridge, OR",Staff Physician,2019-01-14,,40,Samira Vukovic,samira.vukovic@stonebridge.example,
ENT-2600,APP-2026-026,1,medical-school,Brackenridge College of Osteopathic Medicine,"Brackenridge, MO",Doctor of Medicine,2003-08-25,2007-06-30,,Mira Sternhagen,mira.sternhagen@brackenridge.example,
ENT-2601,APP-2026-026,1,residency,Braypoint Regional Medical Center,"Braypoint, WA",Internal Medicine Residency,2007-07-01,2010-06-30,60,Kenji Banerjee,kenji.banerjee@braypoint.example,
ENT-2602,APP-2026-026,1,employment,Mosswater Valley Hospital,"Mosswater, WA",Staff Physician,2010-07-12,2019-11-30,40,Obi Beaumont,obi.beaumont@mosswater.example,
ENT-2603,APP-2026-026,1,employment,Willowmere Health Cooperative,"Willowmere, WA",Staff Physician,2019-12-09,,40,Lucia Nowicki,lucia.nowicki@willowmere.example,
ENT-2700,APP-2026-027,1,medical-school,Quillhaven State University School of Medicine,"Quillhaven, OR",Doctor of Medicine,1997-08-25,2001-06-30,,Ingrid Kjeldsen,ingrid.kjeldsen@quillhaven.example,
ENT-2701,APP-2026-027,1,residency,Tolliver General Hospital,"Tolliver, MN",General Surgery Residency,2001-07-01,2006-06-30,60,Cordelia Nandakumar,cordelia.nandakumar@tolliver.example,
ENT-2702,APP-2026-027,1,residency,Drumlin Bay Medical Center,"Drumlin Bay, WA",Family Medicine Residency,2006-07-01,2009-06-30,60,Tarek Brackwood,tarek.brackwood@drumlin.example,
ENT-2703,APP-2026-027,1,employment,Silverbeck Physicians Group,"Silverbeck, WA",Staff Physician,2009-07-13,2018-04-30,40,Gustav Whitcombe,gustav.whitcombe@silverbeck.example,
ENT-2704,APP-2026-027,1,employment,Orchard Row Specialty Clinic,"Orchard Row, WA",Staff Physician,2018-05-14,,40,Adaeze Qureshi,adaeze.qureshi@orchard.example,
ENT-2800,APP-2026-028,1,medical-school,Pellingham University School of Medicine,"Pellingham, MA",Doctor of Medicine,2006-08-21,2010-06-30,,Desmond Pennington,desmond.pennington@pellingham.example,
ENT-2801,APP-2026-028,1,residency,Cedar Quarry University Hospital,"Cedar Quarry, OR",Pediatrics Residency,2010-07-01,2013-06-30,60,Xiomara Siddiqui,xiomara.siddiqui@cedar.example,
ENT-2802,APP-2026-028,1,employment,Bellamy Creek Medical Center,"Bellamy Creek, ID",Pediatrician,2013-07-15,,40,Marit Bjornstad,marit.bjornstad@bellamy.example,
ENT-2900,APP-2026-029,1,medical-school,Thistlewood University School of Medicine,"Thistlewood, NY",Doctor of Medicine,2002-08-26,2006-06-30,,Iyanla Sandvik,iyanla.sandvik@thistlewood.example,
ENT-2901,APP-2026-029,1,residency,Ashgrove Memorial Hospital,"Ashgrove, ID",Family Medicine Residency,2006-07-01,2009-06-30,60,Marcus Esposito-Vela,marcus.esposito@ashgrove.example,
ENT-2902,APP-2026-029,1,employment,Larkhollow Physicians Network,"Larkhollow, WA",Staff Physician,2009-07-13,,40,Soraya Zielinski,soraya.zielinski@larkhollow.example,
ENT-3000,APP-2026-030,1,medical-school,Corvale College of Osteopathic Medicine,"Corvale, IA",Doctor of Medicine,2008-08-25,2012-06-30,,Priya Oduya,priya.oduya@corvale.example,
ENT-3001,APP-2026-030,1,residency,Fernhollow Medical Center,"Fernhollow, WA",Internal Medicine Residency,2012-07-01,2015-06-30,60,Rafael Okonkwo,rafael.okonkwo@fernhollow.example,
ENT-3002,APP-2026-030,1,employment,Mosswater Valley Hospital,"Mosswater, WA",Staff Physician,2018-03-05,2022-08-31,40,Anaya Mendez-Ruiz,anaya.mendez@mosswater.example,
ENT-3003,APP-2026-030,1,employment,Northsound Medical Group,"Everleigh, WA",Staff Physician,2022-09-12,,40,Leander Vandermeer,leander.vandermeer@northsound.example,
ENT-3004,APP-2026-030,1,employment,Larkhollow Physicians Network,"Larkhollow, WA",Staff Physician,2015-07-13,2018-02-28,40,Nadira Eze-Okafor,nadira.eze@larkhollow.example,
ENT-3100,APP-2026-031,1,medical-school,Ravensmoor University School of Medicine,"Ravensmoor, MI",Doctor of Medicine,2005-08-22,2009-06-30,,Yolanda Bergmann,yolanda.bergmann@ravensmoor.example,
ENT-3101,APP-2026-031,1,residency,Westmarch University Medical Center,"Westmarch, CO",Internal Medicine Residency,2009-07-01,2012-06-30,60,Emeka Nordstrand,emeka.nordstrand@westmarch.example,
ENT-3102,APP-2026-031,1,employment,Two Rivers Health Partners,"Two Rivers, OR",Hospitalist,2012-07-16,,40,Vesna Sarpong,vesna.sarpong@two.example,
ENT-3200,APP-2026-032,1,medical-school,Steadmere University School of Medicine,"Steadmere, NC",Doctor of Medicine,2007-08-20,2011-06-30,,Mira Lindqvist,mira.lindqvist@steadmere.example,
ENT-3201,APP-2026-032,1,residency,Saltmarsh Regional Health,"Saltmarsh, ME",Obstetrics and Gynecology Residency,2011-07-01,2015-06-30,60,Kenji Kovačević,kenji.kovačević@saltmarsh.example,
ENT-3202,APP-2026-032,1,employment,Bellamy Creek Medical Center,"Bellamy Creek, ID",Obstetrician and Gynecologist,2015-07-20,2021-09-30,40,Obi Ravenscroft,obi.ravenscroft@bellamy.example,
ENT-3203,APP-2026-032,1,employment,Willowmere Health Cooperative,"Willowmere, WA",Obstetrician and Gynecologist,2021-10-11,,40,Lucia Pryce-Jones,lucia.pryce@willowmere.example,
ENT-3300,APP-2026-033,1,medical-school,Windthorne University College of Medicine,"Windthorne, TX",Doctor of Medicine,2001-08-27,2005-06-30,,Ingrid Ndiaye,ingrid.ndiaye@windthorne.example,
ENT-3301,APP-2026-033,1,residency,Kirkwallow Teaching Hospital,"Kirkwallow, WI",Diagnostic Radiology Residency,2005-07-01,2009-06-30,60,Cordelia Farahani,cordelia.farahani@kirkwallow.example,
ENT-3302,APP-2026-033,1,employment,Harrowgate Community Health,"Harrowgate, WA",Radiologist,2009-07-13,2020-02-28,40,Tarek Callaghan,tarek.callaghan@harrowgate.example,
ENT-3303,APP-2026-033,1,employment,Willowmere Health Cooperative,"Willowmere, WA",Radiologist,2020-03-09,,40,Gustav Matsuda,gustav.matsuda@willowmere.example,
ENT-3400,APP-2026-034,1,medical-school,Halloway Point School of Medicine,"Halloway Point, CA",Doctor of Medicine,2004-08-23,2008-06-30,,Desmond Montalvo,desmond.montalvo@halloway.example,
ENT-3401,APP-2026-034,1,residency,Drumlin Bay Medical Center,"Drumlin Bay, WA",Emergency Medicine Residency,2008-07-01,2011-06-30,60,Xiomara Zabrowski,xiomara.zabrowski@drumlin.example,
ENT-3402,APP-2026-034,1,employment,Kettlebrook Family Clinic,"Kettlebrook, WA",Emergency Physician,2011-07-11,,36,Marit Villareal,marit.villareal@kettlebrook.example,
ENT-3500,APP-2026-035,1,medical-school,Aldersgate University School of Medicine,"Aldersgate, PA",Doctor of Medicine,2003-08-25,2007-06-30,,Iyanla Halvorsen,iyanla.halvorsen@aldersgate.example,
ENT-3501,APP-2026-035,1,residency,Pinevale University Hospital,"Pinevale, UT",General Surgery Residency,2007-07-01,2012-06-30,60,Marcus Haddad,marcus.haddad@pinevale.example,
ENT-3502,APP-2026-035,1,employment,Greyfen Regional Hospital,"Greyfen, WA",General Surgeon,2012-07-16,2023-06-30,45,Soraya Bayoumi,soraya.bayoumi@greyfen.example,
ENT-3503,APP-2026-035,1,employment,Mosswater Valley Hospital,"Mosswater, WA",Surgical Consultant,2023-07-10,,20,Hideo Kettering,hideo.kettering@mosswater.example,
ENT-3600,APP-2026-036,1,medical-school,Marrowfield College of Medicine,"Marrowfield, IL",Doctor of Medicine,2005-08-22,2009-06-30,,Priya Holloway,priya.holloway@marrowfield.example,
ENT-3601,APP-2026-036,1,residency,Braypoint Regional Medical Center,"Braypoint, WA",Family Medicine Residency,2009-07-01,2012-06-30,60,Rafael Orlovsky,rafael.orlovsky@braypoint.example,
ENT-3602,APP-2026-036,1,employment,Willowmere Health Cooperative,"Willowmere, WA",Staff Physician,2012-07-16,2019-08-31,40,Anaya Chatterji,anaya.chatterji@willowmere.example,
ENT-3603,APP-2026-036,1,employment,Silverbeck Physicians Group,"Silverbeck, WA",Staff Physician,2019-09-09,,40,Leander Thornbury,leander.thornbury@silverbeck.example,
ENT-3700,APP-2026-037,1,medical-school,Dunleath University School of Medicine,"Dunleath, OH",Doctor of Medicine,2006-08-21,2010-06-30,,Yolanda Vasquez-Ruiz,yolanda.vasquez@dunleath.example,
ENT-3701,APP-2026-037,1,residency,Cedar Quarry University Hospital,"Cedar Quarry, OR",Family Medicine Residency,2010-07-01,2013-06-30,60,Emeka Ellingboe,emeka.ellingboe@cedar.example,
ENT-3702,APP-2026-037,1,employment,Orchard Row Specialty Clinic,"Orchard Row, WA",Staff Physician,2013-07-15,2021-03-31,40,Vesna Wiśniewski,vesna.wiśniewski@orchard.example,
ENT-3703,APP-2026-037,1,employment,Kettlebrook Family Clinic,"Kettlebrook, WA",Staff Physician,2021-04-12,,40,Samira Tachibana,samira.tachibana@kettlebrook.example,
ENT-3800,APP-2026-038,1,medical-school,Brackenridge College of Osteopathic Medicine,"Brackenridge, MO",Doctor of Medicine,2008-08-25,2012-06-30,,Mira Boateng,mira.boateng@brackenridge.example,
ENT-3801,APP-2026-038,1,residency,Ashgrove Memorial Hospital,"Ashgrove, ID",Emergency Medicine Residency,2012-07-01,2015-06-30,60,Kenji Mistry,kenji.mistry@ashgrove.example,
ENT-3802,APP-2026-038,1,employment,Northsound Medical Group,"Everleigh, WA",Emergency Physician,2015-07-13,,36,Obi Achebe,obi.achebe@northsound.example,
ENT-3900,APP-2026-039,1,medical-school,Pellingham University School of Medicine,"Pellingham, MA",Doctor of Medicine,2002-08-26,2006-06-30,,Ingrid Sternhagen,ingrid.sternhagen@pellingham.example,
ENT-3901,APP-2026-039,1,residency,Tolliver General Hospital,"Tolliver, MN",Internal Medicine Residency,2006-07-01,2009-06-30,60,Cordelia Banerjee,cordelia.banerjee@tolliver.example,
ENT-3902,APP-2026-039,1,employment,Stonebridge Medical Associates,"Stonebridge, OR",Staff Physician,2009-07-13,2021-03-31,40,Tarek Beaumont,tarek.beaumont@stonebridge.example,
ENT-3903,APP-2026-039,1,employment,Larkhollow Physicians Network,"Larkhollow, WA",Staff Physician,2021-07-05,,40,Gustav Nowicki,gustav.nowicki@larkhollow.example,
ENT-4000,APP-2026-040,1,medical-school,Thistlewood University School of Medicine,"Thistlewood, NY",Doctor of Medicine,2004-08-23,2008-06-30,,Desmond Kjeldsen,desmond.kjeldsen@thistlewood.example,
ENT-4001,APP-2026-040,1,residency,Fernhollow Medical Center,"Fernhollow, WA",Internal Medicine Residency,2008-07-01,2011-06-30,60,Xiomara Nandakumar,xiomara.nandakumar@fernhollow.example,
ENT-4002,APP-2026-040,1,employment,Silverbeck Physicians Group,"Silverbeck, WA",Hospitalist,2011-07-11,,40,Marit Brackwood,marit.brackwood@silverbeck.example,
