reply_id,referee_id,application_id,signature_date,received_date,related_or_partner,relationship_stated,referee_specialty_stated,last_worked_together_end,recommendation,comments
RR-0100,REF-0100,APP-2026-001,2026-02-16,2026-02-18,No,We worked in the same department and I supervised several of the applicant's cases.,Family Medicine,,Recommend without reservation,"Sound clinical judgment, reliable with colleagues and with patients, and no concern about character or competency in the time I have known them."
RR-0101,REF-0101,APP-2026-001,2026-02-21,2026-02-23,No,We worked in the same department and I supervised several of the applicant's cases.,Family Medicine,,Recommend without reservation,"Sound clinical judgment, reliable with colleagues and with patients, and no concern about character or competency in the time I have known them."
RR-0200,REF-0200,APP-2026-002,2026-02-23,2026-02-25,No,We worked in the same department and I supervised several of the applicant's cases.,Internal Medicine,,Recommend without reservation,"Sound clinical judgment, reliable with colleagues and with patients, and no concern about character or competency in the time I have known them."
RR-0201,REF-0201,APP-2026-002,2026-02-28,2026-03-02,No,We worked in the same department and I supervised several of the applicant's cases.,Internal Medicine,,Recommend without reservation,"Sound clinical judgment, reliable with colleagues and with patients, and no concern about character or competency in the time I have known them."
RR-0300,REF-0300,APP-2026-003,2026-02-19,2026-02-21,No,We worked in the same department and I supervised several of the applicant's cases.,Emergency Medicine,,Recommend without reservation,"Sound clinical judgment, reliable with colleagues and with patients, and no concern about character or competency in the time I have known them."
RR-0301,REF-0301,APP-2026-003,2026-02-24,2026-02-26,No,We worked in the same department and I supervised several of the applicant's cases.,Emergency Medicine,,Recommend without reservation,"Sound clinical judgment, reliable with colleagues and with patients, and no concern about character or competency in the time I have known them."
RR-0400,REF-0400,APP-2026-004,2026-03-02,2026-03-04,No,We worked in the same department and I supervised several of the applicant's cases.,Pediatrics,,Recommend without reservation,"Sound clinical judgment, reliable with colleagues and with patients, and no concern about character or competency in the time I have known them."
RR-0401,REF-0401,APP-2026-004,2026-03-07,2026-03-09,No,We worked in the same department and I supervised several of the applicant's cases.,Pediatrics,,Recommend without reservation,"Sound clinical judgment, reliable with colleagues and with patients, and no concern about character or competency in the time I have known them."
RR-0500,REF-0500,APP-2026-005,2026-02-26,2026-02-28,No,We worked in the same department and I supervised several of the applicant's cases.,Diagnostic Radiology,,Recommend without reservation,"Sound clinical judgment, reliable with colleagues and with patients, and no concern about character or competency in the time I have known them."
RR-0501,REF-0501,APP-2026-005,2026-03-03,2026-03-05,No,We worked in the same department and I supervised several of the applicant's cases.,Diagnostic Radiology,,Recommend without reservation,"Sound clinical judgment, reliable with colleagues and with patients, and no concern about character or competency in the time I have known them."
RR-0600,REF-0600,APP-2026-006,2026-03-05,2026-03-07,No,We worked in the same department and I supervised several of the applicant's cases.,Anesthesiology,,Recommend without reservation,"Sound clinical judgment, reliable with colleagues and with patients, and no concern about character or competency in the time I have known them."
RR-0601,REF-0601,APP-2026-006,2026-03-10,2026-03-12,No,We worked in the same department and I supervised several of the applicant's cases.,Anesthesiology,,Recommend without reservation,"Sound clinical judgment, reliable with colleagues and with patients, and no concern about character or competency in the time I have known them."
RR-0700,REF-0700,APP-2026-007,2026-02-16,2026-02-18,No,We worked in the same department and I supervised several of the applicant's cases.,Psychiatry,,Recommend without reservation,"Sound clinical judgment, reliable with colleagues and with patients, and no concern about character or competency in the time I have known them."
RR-0701,REF-0701,APP-2026-007,2026-02-21,2026-02-23,No,We worked in the same department and I supervised several of the applicant's cases.,Psychiatry,,Recommend without reservation,"Sound clinical judgment, reliable with colleagues and with patients, and no concern about character or competency in the time I have known them."
RR-0800,REF-0800,APP-2026-008,2026-03-09,2026-03-11,No,We worked in the same department and I supervised several of the applicant's cases.,Obstetrics and Gynecology,,Recommend without reservation,"Sound clinical judgment, reliable with colleagues and with patients, and no concern about character or competency in the time I have known them."
RR-0900,REF-0900,APP-2026-009,2026-03-12,2026-03-14,No,We worked in the same department and I supervised several of the applicant's cases.,Family Medicine,,Recommend without reservation,"Sound clinical judgment, reliable with colleagues and with patients, and no concern about character or competency in the time I have known them."
RR-1300,REF-1300,APP-2026-013,2026-02-19,2026-02-21,No,We worked in the same department and I supervised several of the applicant's cases.,Internal Medicine,,Recommend without reservation,"Sound clinical judgment, reliable with colleagues and with patients, and no concern about character or competency in the time I have known them."
RR-1301,REF-1301,APP-2026-013,2026-02-24,2026-02-26,No,We worked in the same department and I supervised several of the applicant's cases.,Internal Medicine,,Recommend without reservation,"Sound clinical judgment, reliable with colleagues and with patients, and no concern about character or competency in the time I have known them."
RR-1400,REF-1400,APP-2026-014,2026-02-16,2026-02-18,No,We worked in the same department and I supervised several of the applicant's cases.,Internal Medicine,,Recommend without reservation,"Sound clinical judgment, reliable with colleagues and with patients, and no concern about character or competency in the time I have known them."
RR-1500,REF-1500,APP-2026-015,2026-02-26,2026-02-28,No,We worked in the same department and I supervised several of the applicant's cases.,General Surgery,,Recommend without reservation,"Sound clinical judgment, reliable with colleagues and with patients, and no concern about character or competency in the time I have known them."
RR-1501,REF-1501,APP-2026-015,2026-03-03,2026-03-05,No,We worked in the same department and I supervised several of the applicant's cases.,General Surgery,,Recommend without reservation,"Sound clinical judgment, reliable with colleagues and with patients, and no concern about character or competency in the time I have known them."
RR-1600,REF-1600,APP-2026-016,2026-03-02,2026-03-04,No,We worked in the same department and I supervised several of the applicant's cases.,Family Medicine,,Recommend without reservation,"Sound clinical judgment, reliable with colleagues and with patients, and no concern about character or competency in the time I have known them."
RR-1601,REF-1601,APP-2026-016,2026-03-07,2026-03-09,No,We worked in the same department and I supervised several of the applicant's cases.,Family Medicine,,Recommend without reservation,"Sound clinical judgment, reliable with colleagues and with patients, and no concern about character or competency in the time I have known them."
RR-1700,REF-1700,APP-2026-017,2026-03-05,2026-03-07,No,We worked in the same department and I supervised several of the applicant's cases.,Emergency Medicine,,Recommend without reservation,"Sound clinical judgment, reliable with colleagues and with patients, and no concern about character or competency in the time I have known them."
RR-1701,REF-1701,APP-2026-017,2026-03-10,2026-03-12,No,We worked in the same department and I supervised several of the applicant's cases.,Emergency Medicine,,Recommend without reservation,"Sound clinical judgment, reliable with colleagues and with patients, and no concern about character or competency in the time I have known them."
RR-2000,REF-2000,APP-2026-020,2026-03-02,2026-03-04,No,We worked in the same department and I supervised several of the applicant's cases.,Diagnostic Radiology,,Recommend without reservation,"Sound clinical judgment, reliable with colleagues and with patients, and no concern about character or competency in the time I have known them."
RR-2001,REF-2001,APP-2026-020,2026-03-07,2026-03-09,No,We worked in the same department and I supervised several of the applicant's cases.,Diagnostic Radiology,,Recommend without reservation,"Sound clinical judgment, reliable with colleagues and with patients, and no concern about character or competency in the time I have known them."
RR-2100,REF-2100,APP-2026-021,2026-03-09,2026-03-11,No,We worked in the same department and I supervised several of the applicant's cases.,Family Medicine,,Recommend without reservation,"Sound clinical judgment, reliable with colleagues and with patients, and no concern about character or competency in the time I have known them."
RR-2200,REF-2200,APP-2026-022,2026-03-12,2026-03-14,No,We worked in the same department and I supervised several of the applicant's cases.,Psychiatry,,Recommend without reservation,"Sound clinical judgment, reliable with colleagues and with patients, and no concern about character or competency in the time I have known them."
RR-2300,REF-2300,APP-2026-023,2026-02-22,2026-02-24,No,We worked in the same department and I supervised several of the applicant's cases.,Anesthesiology,,Recommend without reservation,"Sound clinical judgment, reliable with colleagues and with patients, and no concern about character or competency in the time I have known them."
RR-2400,REF-2400,APP-2026-024,2026-02-18,2026-02-20,No,We worked in the same department and I supervised several of the applicant's cases.,Obstetrics and Gynecology,,Recommend without reservation,"Sound clinical judgment, reliable with colleagues and with patients, and no concern about character or competency in the time I have known them."
RR-2500,REF-2500,APP-2026-025,2024-05-05,2024-05-09,No,We worked in the same department and I supervised several of the applicant's cases.,Internal Medicine,,Recommend without reservation,"Sound clinical judgment, reliable with colleagues and with patients, and no concern about character or competency in the time I have known them."
RR-2501,REF-2501,APP-2026-025,2024-05-20,2024-05-23,No,We worked in the same department and I supervised several of the applicant's cases.,Internal Medicine,,Recommend without reservation,"Sound clinical judgment, reliable with colleagues and with patients, and no concern about character or competency in the time I have known them."
RR-2600,REF-2600,APP-2026-026,2026-03-09,2026-03-11,No,We worked in the same department and I supervised several of the applicant's cases.,Internal Medicine,,Recommend without reservation,"Sound clinical judgment, reliable with colleagues and with patients, and no concern about character or competency in the time I have known them."
RR-2700,REF-2700,APP-2026-027,2026-03-12,2026-03-14,No,We worked in the same department and I supervised several of the applicant's cases.,Family Medicine,,Recommend without reservation,"Sound clinical judgment, reliable with colleagues and with patients, and no concern about character or competency in the time I have known them."
RR-2800,REF-2800,APP-2026-028,2026-03-02,2026-03-04,No,We worked in the same department and I supervised several of the applicant's cases.,Pediatrics,,Recommend without reservation,"Sound clinical judgment, reliable with colleagues and with patients, and no concern about character or competency in the time I have known them."
RR-2801,REF-2801,APP-2026-028,2026-03-07,2026-03-09,No,We worked in the same department and I supervised several of the applicant's cases.,Pediatrics,,Recommend without reservation,"Sound clinical judgment, reliable with colleagues and with patients, and no concern about character or competency in the time I have known them."
RR-2900,REF-2900,APP-2026-029,2026-03-05,2026-03-07,No,We worked in the same department and I supervised several of the applicant's cases.,Family Medicine,,Recommend without reservation,"Sound clinical judgment, reliable with colleagues and with patients, and no concern about character or competency in the time I have known them."
RR-2901,REF-2901,APP-2026-029,2026-03-10,2026-03-12,No,We worked in the same department and I supervised several of the applicant's cases.,Family Medicine,,Recommend without reservation,"Sound clinical judgment, reliable with colleagues and with patients, and no concern about character or competency in the time I have known them."
RR-3000,REF-3000,APP-2026-030,2026-02-26,2026-02-28,No,We worked in the same department and I supervised several of the applicant's cases.,Internal Medicine,,Recommend without reservation,"Sound clinical judgment, reliable with colleagues and with patients, and no concern about character or competency in the time I have known them."
RR-3001,REF-3001,APP-2026-030,2026-03-03,2026-03-05,No,We worked in the same department and I supervised several of the applicant's cases.,Internal Medicine,,Recommend without reservation,"Sound clinical judgment, reliable with colleagues and with patients, and no concern about character or competency in the time I have known them."
RR-3100,REF-3100,APP-2026-031,2026-03-09,2026-03-11,No,We worked in the same department and I supervised several of the applicant's cases.,Hospital Medicine,,Recommend without reservation,"Sound clinical judgment, reliable with colleagues and with patients, and no concern about character or competency in the time I have known them."
RR-3300,REF-3300,APP-2026-033,2026-03-12,2026-03-14,No,We worked in the same department and I supervised several of the applicant's cases.,Diagnostic Radiology,,Recommend without reservation,"Sound clinical judgment, reliable with colleagues and with patients, and no concern about character or competency in the time I have known them."
RR-3400,REF-3400,APP-2026-034,2026-02-19,2026-02-21,No,We worked in the same department and I supervised several of the applicant's cases.,Emergency Medicine,,Recommend without reservation,"Sound clinical judgment, reliable with colleagues and with patients, and no concern about character or competency in the time I have known them."
RR-3401,REF-3401,APP-2026-034,2026-02-24,2026-02-26,No,We worked in the same department and I supervised several of the applicant's cases.,Emergency Medicine,,Recommend without reservation,"Sound clinical judgment, reliable with colleagues and with patients, and no concern about character or competency in the time I have known them."
RR-3500,REF-3500,APP-2026-035,2026-02-26,2026-02-28,No,We worked in the same department and I supervised several of the applicant's cases.,General Surgery,,Recommend without reservation,"Sound clinical judgment, reliable with colleagues and with patients, and no concern about character or competency in the time I have known them."
RR-3501,REF-3501,APP-2026-035,2026-03-03,2026-03-05,No,We worked in the same department and I supervised several of the applicant's cases.,General Surgery,,Recommend without reservation,"Sound clinical judgment, reliable with colleagues and with patients, and no concern about character or competency in the time I have known them."
RR-3600,REF-3600,APP-2026-036,2026-02-19,2026-02-21,No,We worked in the same department and I supervised several of the applicant's cases.,Family Medicine,,Recommend without reservation,"Sound clinical judgment, reliable with colleagues and with patients, and no concern about character or competency in the time I have known them."
RR-3601,REF-3601,APP-2026-036,2026-02-24,2026-02-26,No,We worked in the same department and I supervised several of the applicant's cases.,Family Medicine,,Recommend without reservation,"Sound clinical judgment, reliable with colleagues and with patients, and no concern about character or competency in the time I have known them."
RR-3700,REF-3700,APP-2026-037,2026-02-23,2026-02-25,No,We worked in the same department and I supervised several of the applicant's cases.,Family Medicine,,Recommend without reservation,"Sound clinical judgment, reliable with colleagues and with patients, and no concern about character or competency in the time I have known them."
RR-3701,REF-3701,APP-2026-037,2026-02-28,2026-03-02,No,We worked in the same department and I supervised several of the applicant's cases.,Family Medicine,,Recommend without reservation,"Sound clinical judgment, reliable with colleagues and with patients, and no concern about character or competency in the time I have known them."
RR-3800,REF-3800,APP-2026-038,2026-03-05,2026-03-07,No,We worked in the same department and I supervised several of the applicant's cases.,Emergency Medicine,,Recommend without reservation,"Sound clinical judgment, reliable with colleagues and with patients, and no concern about character or competency in the time I have known them."
RR-3801,REF-3801,APP-2026-038,2026-03-10,2026-03-12,No,We worked in the same department and I supervised several of the applicant's cases.,Emergency Medicine,,Recommend without reservation,"Sound clinical judgment, reliable with colleagues and with patients, and no concern about character or competency in the time I have known them."
RR-3900,REF-3900,APP-2026-039,2026-02-26,2026-02-28,No,We worked in the same department and I supervised several of the applicant's cases.,Internal Medicine,,Recommend without reservation,"Sound clinical judgment, reliable with colleagues and with patients, and no concern about character or competency in the time I have known them."
RR-3901,REF-3901,APP-2026-039,2026-03-03,2026-03-05,No,We worked in the same department and I supervised several of the applicant's cases.,Internal Medicine,,Recommend without reservation,"Sound clinical judgment, reliable with colleagues and with patients, and no concern about character or competency in the time I have known them."
RR-4000,REF-4000,APP-2026-040,2026-02-16,2026-02-18,No,We worked in the same department and I supervised several of the applicant's cases.,Hospital Medicine,,Recommend without reservation,"Sound clinical judgment, reliable with colleagues and with patients, and no concern about character or competency in the time I have known them."
RR-4001,REF-4001,APP-2026-040,2026-02-21,2026-02-23,No,We worked in the same department and I supervised several of the applicant's cases.,Hospital Medicine,,Recommend without reservation,"Sound clinical judgment, reliable with colleagues and with patients, and no concern about character or competency in the time I have known them."
