request_id,application_id,revision,privilege_code,privilege_name,criteria_version_cited
REQ-0100,APP-2026-001,1,PRIV-FM,Family Medicine,LARK-PRIV-2026.1
REQ-0200,APP-2026-002,1,PRIV-IM,Internal Medicine,LARK-PRIV-2026.1
REQ-0201,APP-2026-002,1,PRIV-HOSP,Hospital Medicine,LARK-PRIV-2026.1
REQ-0300,APP-2026-003,1,PRIV-EM,Emergency Medicine,LARK-PRIV-2026.1
REQ-0400,APP-2026-004,1,PRIV-PED,Pediatrics,LARK-PRIV-2026.1
REQ-0500,APP-2026-005,1,PRIV-RAD,Diagnostic Radiology,LARK-PRIV-2026.1
REQ-0600,APP-2026-006,1,PRIV-ANES,Anesthesiology,LARK-PRIV-2026.1
REQ-0700,APP-2026-007,1,PRIV-PSY,Psychiatry,LARK-PRIV-2026.1
REQ-0800,APP-2026-008,1,PRIV-OBG,Obstetrics and Gynecology,LARK-PRIV-2026.1
REQ-0900,APP-2026-009,1,PRIV-FM,Family Medicine,LARK-PRIV-2026.1
REQ-1000,APP-2026-010,1,PRIV-PED,Pediatrics,LARK-PRIV-2026.1
REQ-1100,APP-2026-011,1,PRIV-GS,General Surgery,LARK-PRIV-2026.1
REQ-1200,APP-2026-012,1,PRIV-IM,Internal Medicine,LARK-PRIV-2026.1
REQ-1300,APP-2026-013,1,PRIV-IM,Internal Medicine,LARK-PRIV-2026.1
REQ-1400,APP-2026-014,1,PRIV-IM,Internal Medicine,LARK-PRIV-2026.1
REQ-1401,APP-2026-014,1,PRIV-HOSP,Hospital Medicine,LARK-PRIV-2026.1
REQ-1500,APP-2026-015,1,PRIV-GS,General Surgery,LARK-PRIV-2026.1
REQ-1600,APP-2026-016,1,PRIV-FM,Family Medicine,LARK-PRIV-2026.1
REQ-1700,APP-2026-017,1,PRIV-EM,Emergency Medicine,LARK-PRIV-2026.1
REQ-1800,APP-2026-018,1,PRIV-IM,Internal Medicine,LARK-PRIV-2026.1
REQ-1900,APP-2026-019,1,PRIV-HOSP,Hospital Medicine,LARK-PRIV-2026.1
REQ-2000,APP-2026-020,1,PRIV-RAD,Diagnostic Radiology,LARK-PRIV-2026.1
REQ-2100,APP-2026-021,1,PRIV-FM,Family Medicine,LARK-PRIV-2026.1
REQ-2200,APP-2026-022,1,PRIV-PSY,Psychiatry,LARK-PRIV-2026.1
REQ-2300,APP-2026-023,1,PRIV-ANES,Anesthesiology,LARK-PRIV-2026.1
REQ-2400,APP-2026-024,1,PRIV-OBG,Obstetrics and Gynecology,LARK-PRIV-2026.1
REQ-2500,APP-2026-025,1,PRIV-IM,Internal Medicine,LARK-PRIV-2026.1
REQ-2501,APP-2026-025,2,PRIV-IM,Internal Medicine,LARK-PRIV-2026.1
REQ-2600,APP-2026-026,1,PRIV-IM,Internal Medicine,LARK-PRIV-2026.1
REQ-2601,APP-2026-026,1,PRIV-HOSP,Hospital Medicine,LARK-PRIV-2026.1
REQ-2602,APP-2026-026,1,PRIV-CARD,Cardiovascular Disease,LARK-PRIV-2026.1
REQ-2700,APP-2026-027,1,PRIV-GS,General Surgery,LARK-PRIV-2026.1
REQ-2800,APP-2026-028,1,PRIV-PED,Pediatrics,LARK-PRIV-2026.1
REQ-2900,APP-2026-029,1,PRIV-ORTHO,Orthopaedic Surgery,LARK-PRIV-2026.1
REQ-3000,APP-2026-030,1,PRIV-IM,Internal Medicine,LARK-PRIV-2026.1
REQ-3100,APP-2026-031,1,PRIV-HOSP,Hospital Medicine,LARK-PRIV-2026.1
REQ-3200,APP-2026-032,1,PRIV-OBG,Obstetrics and Gynecology,LARK-PRIV-2026.1
REQ-3300,APP-2026-033,1,PRIV-RAD,Diagnostic Radiology,LARK-PRIV-2026.1
REQ-3400,APP-2026-034,1,PRIV-EM,Emergency Medicine,LARK-PRIV-2026.1
REQ-3500,APP-2026-035,1,PRIV-GS,General Surgery,LARK-PRIV-2026.1
REQ-3600,APP-2026-036,1,PRIV-FM,Family Medicine,LARK-PRIV-2026.1
REQ-3700,APP-2026-037,1,PRIV-FM,Family Medicine,LARK-PRIV-2026.1
REQ-3800,APP-2026-038,1,PRIV-EM,Emergency Medicine,LARK-PRIV-2026.1
REQ-3900,APP-2026-039,1,PRIV-IM,Internal Medicine,LARK-PRIV-2026.1
REQ-3901,APP-2026-039,1,PRIV-HOSP,Hospital Medicine,LARK-PRIV-2026.1
REQ-4000,APP-2026-040,1,PRIV-HOSP,Hospital Medicine,LARK-PRIV-2026.1
