reply_id,application_id,entry_id,element,attester_organization,attester_name,attester_role,received_from,verified_credential,verified_from,verified_to,outcome,requested_date,received_date,reply_method,notes
VR-0100,APP-2026-001,ENT-0100,education-and-training,Dunleath University School of Medicine,Yolanda Kjeldsen,Assistant Registrar,Registrar's office — Dunleath University School of Medicine,Degree — Doctor of Medicine,2006-08-21,2010-06-30,confirmed,2026-01-29,2026-02-09,secure portal,
VR-0101,APP-2026-001,ENT-0101,education-and-training,Braypoint Regional Medical Center,Emeka Nandakumar,Programme Coordinator,Graduate medical education office — Braypoint Regional Medical Center,Residency — Family Medicine,2010-07-01,2013-06-30,confirmed,2026-01-29,2026-02-16,secure portal,
VR-0102,APP-2026-001,ENT-0102,affiliation-and-employment,Kettlebrook Family Clinic,Vesna Brackwood,"Director, Medical Staff Services",Medical staff office — Kettlebrook Family Clinic,Employment — Staff Physician,2013-07-08,2019-09-30,confirmed,2026-01-29,2026-02-23,secure portal,
VR-0103,APP-2026-001,ENT-0103,affiliation-and-employment,Northsound Medical Group,Samira Whitcombe,"Director, Medical Staff Services",Medical staff office — Northsound Medical Group,Employment — Staff Physician,2019-10-07,,confirmed,2026-01-29,2026-03-02,secure portal,
VR-0200,APP-2026-002,ENT-0200,education-and-training,Marrowfield College of Medicine,Mira Pennington,Assistant Registrar,Registrar's office — Marrowfield College of Medicine,Degree — Doctor of Medicine,2007-08-20,2011-06-30,confirmed,2026-02-05,2026-02-16,secure portal,
VR-0201,APP-2026-002,ENT-0201,education-and-training,Cedar Quarry University Hospital,Kenji Siddiqui,Programme Coordinator,Graduate medical education office — Cedar Quarry University Hospital,Residency — Internal Medicine,2011-07-01,2014-06-30,confirmed,2026-02-05,2026-02-23,secure portal,
VR-0202,APP-2026-002,ENT-0202,affiliation-and-employment,Harrowgate Community Health,Obi Bjornstad,"Director, Medical Staff Services",Medical staff office — Harrowgate Community Health,Employment — Hospitalist,2014-07-07,2021-12-31,confirmed,2026-02-05,2026-03-02,secure portal,
VR-0203,APP-2026-002,ENT-0203,affiliation-and-employment,Silverbeck Physicians Group,Lucia Okpara,"Director, Medical Staff Services",Medical staff office — Silverbeck Physicians Group,Employment — Hospitalist,2022-01-10,,confirmed,2026-02-05,2026-03-09,secure portal,
VR-0300,APP-2026-003,ENT-0300,education-and-training,Quillhaven State University School of Medicine,Ingrid Sandvik,Assistant Registrar,Registrar's office — Quillhaven State University School of Medicine,Degree — Doctor of Medicine,2004-08-23,2008-06-30,confirmed,2026-02-01,2026-02-12,secure portal,
VR-0301,APP-2026-003,ENT-0301,education-and-training,Ashgrove Memorial Hospital,Cordelia Esposito-Vela,Programme Coordinator,Graduate medical education office — Ashgrove Memorial Hospital,Residency — Emergency Medicine,2008-07-01,2011-06-30,confirmed,2026-02-01,2026-02-19,secure portal,
VR-0302,APP-2026-003,ENT-0302,affiliation-and-employment,Mosswater Valley Hospital,Tarek Zielinski,"Director, Medical Staff Services",Medical staff office — Mosswater Valley Hospital,Employment — Emergency Physician,2011-07-05,2018-08-31,confirmed,2026-02-01,2026-02-26,secure portal,
VR-0303,APP-2026-003,ENT-0303,affiliation-and-employment,Two Rivers Health Partners,Gustav Larkspur,"Director, Medical Staff Services",Medical staff office — Two Rivers Health Partners,Employment — Emergency Physician,2018-09-04,,confirmed,2026-02-01,2026-03-05,secure portal,
VR-0400,APP-2026-004,ENT-0400,education-and-training,Aldersgate University School of Medicine,Desmond Oduya,Assistant Registrar,Registrar's office — Aldersgate University School of Medicine,Degree — Doctor of Medicine,2009-08-24,2013-06-30,confirmed,2026-02-12,2026-02-23,secure portal,
VR-0401,APP-2026-004,ENT-0401,education-and-training,Fernhollow Medical Center,Xiomara Okonkwo,Programme Coordinator,Graduate medical education office — Fernhollow Medical Center,Residency — Pediatrics,2013-07-01,2016-06-30,confirmed,2026-02-12,2026-03-02,secure portal,
VR-0402,APP-2026-004,ENT-0402,affiliation-and-employment,Bellamy Creek Medical Center,Marit Mendez-Ruiz,"Director, Medical Staff Services",Medical staff office — Bellamy Creek Medical Center,Employment — Pediatrician,2016-07-30,2022-04-30,confirmed,2026-02-12,2026-03-09,secure portal,
VR-0500,APP-2026-005,ENT-0500,education-and-training,Brackenridge College of Osteopathic Medicine,Iyanla Bergmann,Assistant Registrar,Registrar's office — Brackenridge College of Osteopathic Medicine,Degree — Doctor of Medicine,2005-08-22,2009-06-30,confirmed,2026-02-08,2026-02-19,secure portal,
VR-0501,APP-2026-005,ENT-0501,education-and-training,Tolliver General Hospital,Marcus Nordstrand,Programme Coordinator,Graduate medical education office — Tolliver General Hospital,Residency — Diagnostic Radiology,2009-07-01,2013-06-30,confirmed,2026-02-08,2026-02-26,secure portal,
VR-0502,APP-2026-005,ENT-0502,affiliation-and-employment,Larkhollow Physicians Network,Soraya Sarpong,"Director, Medical Staff Services",Medical staff office — Larkhollow Physicians Network,Employment — Radiologist,2013-07-31,2020-11-30,confirmed,2026-02-08,2026-03-05,secure portal,
VR-0503,APP-2026-005,ENT-0503,affiliation-and-employment,Greyfen Regional Hospital,Hideo Ferndale,"Director, Medical Staff Services",Medical staff office — Greyfen Regional Hospital,Employment — Radiologist,2020-12-07,,confirmed,2026-02-08,2026-03-12,secure portal,
VR-0600,APP-2026-006,ENT-0600,education-and-training,Thistlewood University School of Medicine,Priya Lindqvist,Assistant Registrar,Registrar's office — Thistlewood University School of Medicine,Degree — Doctor of Medicine,2008-08-25,2012-06-30,confirmed,2026-02-15,2026-02-26,secure portal,
VR-0601,APP-2026-006,ENT-0601,education-and-training,Westmarch University Medical Center,Rafael Kovačević,Programme Coordinator,Graduate medical education office — Westmarch University Medical Center,Residency — Anesthesiology,2012-07-01,2016-06-30,confirmed,2026-02-15,2026-03-05,secure portal,
VR-0602,APP-2026-006,ENT-0602,affiliation-and-employment,Willowmere Health Cooperative,Anaya Ravenscroft,"Director, Medical Staff Services",Medical staff office — Willowmere Health Cooperative,Employment — Anesthesiologist,2016-07-11,,confirmed,2026-02-15,2026-03-12,secure portal,
VR-0700,APP-2026-007,ENT-0700,education-and-training,Pellingham University School of Medicine,Yolanda Ndiaye,Assistant Registrar,Registrar's office — Pellingham University School of Medicine,Degree — Doctor of Medicine,2003-08-25,2007-06-30,confirmed,2026-01-29,2026-02-09,secure portal,
VR-0701,APP-2026-007,ENT-0701,education-and-training,Saltmarsh Regional Health,Emeka Farahani,Programme Coordinator,Graduate medical education office — Saltmarsh Regional Health,Residency — Psychiatry,2007-07-01,2011-06-30,confirmed,2026-01-29,2026-02-16,secure portal,
VR-0702,APP-2026-007,ENT-0702,affiliation-and-employment,Stonebridge Medical Associates,Vesna Callaghan,"Director, Medical Staff Services",Medical staff office — Stonebridge Medical Associates,Employment — Psychiatrist,2011-07-06,2017-03-31,confirmed,2026-01-29,2026-02-23,secure portal,
VR-0703,APP-2026-007,ENT-0703,affiliation-and-employment,Kettlebrook Family Clinic,Samira Matsuda,"Director, Medical Staff Services",Medical staff office — Kettlebrook Family Clinic,Employment — Psychiatrist,2017-04-10,,confirmed,2026-01-29,2026-03-02,secure portal,
VR-0800,APP-2026-008,ENT-0800,education-and-training,Corvale College of Osteopathic Medicine,Mira Montalvo,Assistant Registrar,Registrar's office — Corvale College of Osteopathic Medicine,Degree — Doctor of Medicine,2006-08-21,2010-06-30,confirmed,2026-02-19,2026-03-02,secure portal,
VR-0801,APP-2026-008,ENT-0801,education-and-training,Kirkwallow Teaching Hospital,Kenji Zabrowski,Programme Coordinator,Graduate medical education office — Kirkwallow Teaching Hospital,Residency — Obstetrics and Gynecology,2010-07-01,2014-06-30,confirmed,2026-02-19,2026-03-09,secure portal,
VR-0900,APP-2026-009,ENT-0900,education-and-training,Brackenridge College of Osteopathic Medicine,Ingrid Halvorsen,Assistant Registrar,Registrar's office — Brackenridge College of Osteopathic Medicine,Degree — Doctor of Osteopathic Medicine,2005-08-22,2009-06-30,confirmed,2026-02-22,2026-03-05,secure portal,
VR-0901,APP-2026-009,ENT-0901,education-and-training,Drumlin Bay Medical Center,Cordelia Haddad,Programme Coordinator,Graduate medical education office — Drumlin Bay Medical Center,Residency — Family Medicine,2009-07-01,2012-06-30,confirmed,2026-02-22,2026-03-12,secure portal,
VR-1000,APP-2026-010,ENT-1000,education-and-training,Ravensmoor University School of Medicine,Desmond Holloway,Assistant Registrar,Registrar's office — Ravensmoor University School of Medicine,Degree — Doctor of Medicine,2015-08-24,2019-06-30,confirmed,2026-02-26,2026-03-09,secure portal,
VR-1100,APP-2026-011,ENT-1100,education-and-training,Steadmere University School of Medicine,Iyanla Vasquez-Ruiz,Assistant Registrar,Registrar's office — Steadmere University School of Medicine,Degree — Doctor of Medicine,2000-08-21,2004-06-30,confirmed,2026-03-01,2026-03-12,secure portal,
VR-1300,APP-2026-013,ENT-1300,education-and-training,Windthorne University College of Medicine,Yolanda Sternhagen,Assistant Registrar,Registrar's office — Windthorne University College of Medicine,Degree — Doctor of Medicine,2004-08-23,2008-06-30,confirmed,2026-02-01,2026-02-12,secure portal,
VR-1301,APP-2026-013,ENT-1301,education-and-training,Saltmarsh Regional Health,Emeka Banerjee,Programme Coordinator,Graduate medical education office — Saltmarsh Regional Health,Residency — Internal Medicine,2008-07-01,2011-06-30,confirmed,2026-02-01,2026-02-19,secure portal,
VR-1302,APP-2026-013,ENT-1302,affiliation-and-employment,Silverbeck Physicians Group,Vesna Beaumont,"Director, Medical Staff Services",Medical staff office — Silverbeck Physicians Group,Employment — Staff Physician,2011-07-11,2019-05-31,confirmed,2026-02-01,2026-02-26,secure portal,
VR-1303,APP-2026-013,ENT-1303,affiliation-and-employment,Mosswater Valley Hospital,Samira Nowicki,"Director, Medical Staff Services",Medical staff office — Mosswater Valley Hospital,Employment — Staff Physician,2019-06-10,,confirmed,2026-02-01,2026-03-05,secure portal,
VR-1400,APP-2026-014,ENT-1400,education-and-training,Dunleath University School of Medicine,Mira Kjeldsen,Assistant Registrar,Registrar's office — Dunleath University School of Medicine,Degree — Doctor of Medicine,2006-08-21,2010-06-30,confirmed,2026-02-05,2026-02-16,secure portal,
VR-1401,APP-2026-014,ENT-1401,education-and-training,Kirkwallow Teaching Hospital,Kenji Nandakumar,Programme Coordinator,Graduate medical education office — Kirkwallow Teaching Hospital,Residency — Internal Medicine,2010-07-01,2013-06-30,confirmed,2026-02-05,2026-02-23,secure portal,
VR-1402,APP-2026-014,ENT-1402,affiliation-and-employment,Two Rivers Health Partners,Obi Brackwood,"Director, Medical Staff Services",Medical staff office — Two Rivers Health Partners,Employment — Hospitalist,2013-07-15,2020-10-31,confirmed,2026-02-05,2026-03-02,secure portal,
VR-1403,APP-2026-014,ENT-1403,affiliation-and-employment,Bellamy Creek Medical Center,Lucia Whitcombe,"Director, Medical Staff Services",Medical staff office — Bellamy Creek Medical Center,Employment — Hospitalist,2020-11-09,,confirmed,2026-02-05,2026-03-09,secure portal,
VR-1500,APP-2026-015,ENT-1500,education-and-training,Quillhaven State University School of Medicine,Ingrid Pennington,Assistant Registrar,Registrar's office — Quillhaven State University School of Medicine,Degree — Doctor of Medicine,2000-08-21,2004-06-30,confirmed,2026-02-08,2026-02-19,secure portal,
VR-1501,APP-2026-015,ENT-1501,education-and-training,Drumlin Bay Medical Center,Cordelia Siddiqui,Programme Coordinator,Graduate medical education office — Drumlin Bay Medical Center,Residency — General Surgery,2004-07-01,2009-06-30,confirmed,2026-02-08,2026-02-26,secure portal,
VR-1502,APP-2026-015,ENT-1502,affiliation-and-employment,Orchard Row Specialty Clinic,Tarek Bjornstad,"Director, Medical Staff Services",Medical staff office — Orchard Row Specialty Clinic,Employment — General Surgeon,2009-07-13,2018-12-31,confirmed,2026-02-08,2026-03-05,secure portal,
VR-1503,APP-2026-015,ENT-1503,affiliation-and-employment,Greyfen Regional Hospital,Gustav Okpara,"Director, Medical Staff Services",Medical staff office — Greyfen Regional Hospital,Employment — General Surgeon,2019-01-14,,confirmed,2026-02-08,2026-03-12,secure portal,
VR-1600,APP-2026-016,ENT-1600,education-and-training,Pellingham University School of Medicine,Desmond Sandvik,Assistant Registrar,Registrar's office — Pellingham University School of Medicine,Degree — Doctor of Medicine,2008-08-25,2012-06-30,confirmed,2026-02-12,2026-02-23,secure portal,
VR-1601,APP-2026-016,ENT-1601,education-and-training,Pinevale University Hospital,Xiomara Esposito-Vela,Programme Coordinator,Graduate medical education office — Pinevale University Hospital,Residency — Family Medicine,2012-07-01,2015-06-30,confirmed,2026-02-12,2026-03-02,secure portal,
VR-1602,APP-2026-016,ENT-1602,affiliation-and-employment,Larkhollow Physicians Network,Marit Zielinski,"Director, Medical Staff Services",Medical staff office — Larkhollow Physicians Network,Employment — Staff Physician,2015-07-06,2021-06-30,confirmed,2026-02-12,2026-03-09,secure portal,
VR-1700,APP-2026-017,ENT-1700,education-and-training,Steadmere University School of Medicine,Iyanla Oduya,Assistant Registrar,Registrar's office — Steadmere University School of Medicine,Degree — Doctor of Medicine,2003-08-25,2007-06-30,confirmed,2026-02-15,2026-02-26,secure portal,
VR-1701,APP-2026-017,ENT-1701,education-and-training,Braypoint Regional Medical Center,Marcus Okonkwo,Programme Coordinator,Graduate medical education office — Braypoint Regional Medical Center,Residency — Emergency Medicine,2007-07-01,2010-06-30,confirmed,2026-02-15,2026-03-05,secure portal,
VR-1702,APP-2026-017,ENT-1702,affiliation-and-employment,Mosswater Valley Hospital,Soraya Mendez-Ruiz,"Director, Medical Staff Services",Medical staff office — Mosswater Valley Hospital,Employment — Emergency Physician,2010-07-12,2019-03-31,confirmed,2026-02-15,2026-03-12,secure portal,
VR-1800,APP-2026-018,ENT-1800,education-and-training,Thistlewood University School of Medicine,Priya Bergmann,Assistant Registrar,Registrar's office — Thistlewood University School of Medicine,Degree — Doctor of Medicine,2010-08-23,2014-06-30,confirmed,2026-02-26,2026-03-09,secure portal,
VR-2000,APP-2026-020,ENT-2000,education-and-training,Steadmere University School of Medicine,Mira Ndiaye,Assistant Registrar,Applicant — hand-delivered at intake,Degree — Doctor of Medicine,2005-08-22,2009-06-30,confirmed,2026-02-12,2026-02-25,hand-delivered,"Photocopy of the Doctor of Medicine diploma on the school's letterhead, bearing what appears to be the registrar's signature and the school seal, brought to the office by the applicant at intake."
VR-2001,APP-2026-020,ENT-2001,education-and-training,Fernhollow Medical Center,Kenji Farahani,Programme Coordinator,Graduate medical education office — Fernhollow Medical Center,Residency — Diagnostic Radiology,2009-07-01,2013-06-30,confirmed,2026-02-12,2026-03-02,secure portal,
VR-2002,APP-2026-020,ENT-2002,affiliation-and-employment,Orchard Row Specialty Clinic,Obi Callaghan,"Director, Medical Staff Services",Medical staff office — Orchard Row Specialty Clinic,Employment — Radiologist,2013-07-22,,confirmed,2026-02-12,2026-03-09,secure portal,
VR-2101,APP-2026-021,ENT-2101,education-and-training,Tolliver General Hospital,Cordelia Zabrowski,Programme Coordinator,Graduate medical education office — Tolliver General Hospital,Residency — Family Medicine,2002-07-01,2005-06-30,confirmed,2026-02-19,2026-03-09,secure portal,
VR-2200,APP-2026-022,ENT-2200,education-and-training,Aldersgate University School of Medicine,Desmond Halvorsen,Assistant Registrar,Registrar's office — Aldersgate University School of Medicine,Degree — Doctor of Medicine,2004-08-23,2008-06-30,confirmed,2026-02-22,2026-03-05,secure portal,
VR-2201,APP-2026-022,ENT-2201,education-and-training,Cascade Valley Physicians Society,Xiomara Haddad,Membership Secretary,State medical society — Cascade Valley Physicians Society,Residency — Psychiatry,2008-07-01,2012-06-30,confirmed,2026-02-22,2026-03-04,email,The society confirms from its own membership file that the practitioner completed the psychiatry residency at Westmarch University Medical Center between 2008 and 2012.
VR-2300,APP-2026-023,ENT-2300,education-and-training,Ravensmoor University School of Medicine,Iyanla Holloway,Assistant Registrar,Registrar's office — Ravensmoor University School of Medicine,Degree — Doctor of Medicine,2002-08-26,2006-06-30,confirmed,2026-02-05,2026-02-16,secure portal,
VR-2301,APP-2026-023,ENT-2301,education-and-training,Saltmarsh Regional Health,Marcus Orlovsky,Programme Coordinator,Graduate medical education office — Saltmarsh Regional Health,Residency — Anesthesiology,2006-07-01,2010-06-30,confirmed,2026-02-05,2026-02-23,secure portal,
VR-2302,APP-2026-023,ENT-2302,affiliation-and-employment,Kettlebrook Family Clinic,Soraya Chatterji,"Director, Medical Staff Services",Medical staff office — Kettlebrook Family Clinic,Employment — Anesthesiologist,2010-07-12,2017-07-31,confirmed,2026-02-05,2026-03-02,secure portal,
VR-2303,APP-2026-023,ENT-2303,affiliation-and-employment,Two Rivers Health Partners,Hideo Thornbury,"Director, Medical Staff Services",Medical staff office — Two Rivers Health Partners,Employment — Anesthesiologist,2017-08-07,,confirmed,2026-02-05,2026-03-09,secure portal,
VR-2400,APP-2026-024,ENT-2400,education-and-training,Marrowfield College of Medicine,Priya Vasquez-Ruiz,Assistant Registrar,Registrar's office — Marrowfield College of Medicine,Degree — Doctor of Medicine,2009-08-24,2013-06-30,confirmed,2026-02-08,2026-02-19,secure portal,
VR-2401,APP-2026-024,ENT-2401,education-and-training,Kirkwallow Teaching Hospital,Rafael Ellingboe,Programme Coordinator,Graduate medical education office — Kirkwallow Teaching Hospital,Residency — Obstetrics and Gynecology,2013-07-01,2017-06-30,confirmed,2026-02-08,2026-02-26,secure portal,
VR-2402,APP-2026-024,ENT-2402,affiliation-and-employment,Harrowgate Community Health,Anaya Wiśniewski,"Director, Medical Staff Services",Medical staff office — Harrowgate Community Health,Employment — Obstetrician and Gynecologist,2017-07-17,,confirmed,2026-02-08,2026-03-05,secure portal,
VR-2500,APP-2026-025,ENT-2500,education-and-training,Windthorne University College of Medicine,Yolanda Boateng,Assistant Registrar,Registrar's office — Windthorne University College of Medicine,Degree — Doctor of Medicine,2000-08-21,2004-06-30,confirmed,2024-04-25,2024-06-10,secure portal,
VR-2501,APP-2026-025,ENT-2501,education-and-training,Pinevale University Hospital,Emeka Mistry,Programme Coordinator,Graduate medical education office — Pinevale University Hospital,Residency — Internal Medicine,2004-07-01,2007-06-30,confirmed,2024-04-25,2024-06-17,secure portal,
VR-2502,APP-2026-025,ENT-2502,affiliation-and-employment,Two Rivers Health Partners,Vesna Achebe,"Director, Medical Staff Services",Medical staff office — Two Rivers Health Partners,Employment — Staff Physician,2007-07-16,2018-12-31,confirmed,2024-04-25,2024-06-24,secure portal,
VR-2503,APP-2026-025,ENT-2503,affiliation-and-employment,Stonebridge Medical Associates,Samira Vukovic,"Director, Medical Staff Services",Medical staff office — Stonebridge Medical Associates,Employment — Staff Physician,2019-01-14,,confirmed,2024-04-25,2024-07-01,secure portal,
VR-2600,APP-2026-026,ENT-2600,education-and-training,Brackenridge College of Osteopathic Medicine,Mira Sternhagen,Assistant Registrar,Registrar's office — Brackenridge College of Osteopathic Medicine,Degree — Doctor of Medicine,2003-08-25,2007-06-30,confirmed,2026-02-19,2026-03-02,secure portal,
VR-2601,APP-2026-026,ENT-2601,education-and-training,Braypoint Regional Medical Center,Kenji Banerjee,Programme Coordinator,Graduate medical education office — Braypoint Regional Medical Center,Residency — Internal Medicine,2007-07-01,2010-06-30,confirmed,2026-02-19,2026-03-09,secure portal,
VR-2700,APP-2026-027,ENT-2700,education-and-training,Quillhaven State University School of Medicine,Ingrid Kjeldsen,Assistant Registrar,Registrar's office — Quillhaven State University School of Medicine,Degree — Doctor of Medicine,1997-08-25,2001-06-30,confirmed,2026-02-22,2026-03-05,secure portal,
VR-2701,APP-2026-027,ENT-2701,education-and-training,Tolliver General Hospital,Cordelia Nandakumar,Programme Coordinator,Graduate medical education office — Tolliver General Hospital,Residency — General Surgery,2001-07-01,2006-06-30,confirmed,2026-02-22,2026-03-12,secure portal,
VR-2800,APP-2026-028,ENT-2800,education-and-training,Pellingham University School of Medicine,Desmond Pennington,Assistant Registrar,Registrar's office — Pellingham University School of Medicine,Degree — Doctor of Medicine,2006-08-21,2010-06-30,confirmed,2026-02-12,2026-02-23,secure portal,
VR-2801,APP-2026-028,ENT-2801,education-and-training,Cedar Quarry University Hospital,Xiomara Siddiqui,Programme Coordinator,Graduate medical education office — Cedar Quarry University Hospital,Residency — Pediatrics,2010-07-01,2013-06-30,confirmed,2026-02-12,2026-03-02,secure portal,
VR-2802,APP-2026-028,ENT-2802,affiliation-and-employment,Bellamy Creek Medical Center,Marit Bjornstad,"Director, Medical Staff Services",Medical staff office — Bellamy Creek Medical Center,Employment — Pediatrician,2013-07-15,,confirmed,2026-02-12,2026-03-09,secure portal,
VR-2900,APP-2026-029,ENT-2900,education-and-training,Thistlewood University School of Medicine,Iyanla Sandvik,Assistant Registrar,Registrar's office — Thistlewood University School of Medicine,Degree — Doctor of Medicine,2002-08-26,2006-06-30,confirmed,2026-02-15,2026-02-26,secure portal,
VR-2901,APP-2026-029,ENT-2901,education-and-training,Ashgrove Memorial Hospital,Marcus Esposito-Vela,Programme Coordinator,Graduate medical education office — Ashgrove Memorial Hospital,Residency — Family Medicine,2006-07-01,2009-06-30,confirmed,2026-02-15,2026-03-05,secure portal,
VR-2902,APP-2026-029,ENT-2902,affiliation-and-employment,Larkhollow Physicians Network,Soraya Zielinski,"Director, Medical Staff Services",Medical staff office — Larkhollow Physicians Network,Employment — Staff Physician,2009-07-13,,confirmed,2026-02-15,2026-03-12,secure portal,
VR-3000,APP-2026-030,ENT-3000,education-and-training,Corvale College of Osteopathic Medicine,Priya Oduya,Assistant Registrar,Registrar's office — Corvale College of Osteopathic Medicine,Degree — Doctor of Medicine,2008-08-25,2012-06-30,confirmed,2026-02-08,2026-02-19,secure portal,
VR-3001,APP-2026-030,ENT-3001,education-and-training,Fernhollow Medical Center,Rafael Okonkwo,Programme Coordinator,Graduate medical education office — Fernhollow Medical Center,Residency — Internal Medicine,2012-07-01,2015-06-30,confirmed,2026-02-08,2026-02-26,secure portal,
VR-3002,APP-2026-030,ENT-3002,affiliation-and-employment,Mosswater Valley Hospital,Anaya Mendez-Ruiz,"Director, Medical Staff Services",Medical staff office — Mosswater Valley Hospital,Employment — Staff Physician,2018-03-05,2021-11-30,confirmed-with-discrepancy,2026-02-08,2026-03-06,secure portal,"Our employment record shows this physician left on 2021-11-30, not 2022-08-31 as stated in your request. The start date is correct."
VR-3003,APP-2026-030,ENT-3003,affiliation-and-employment,Northsound Medical Group,Leander Vandermeer,"Director, Medical Staff Services",Medical staff office — Northsound Medical Group,Employment — Staff Physician,2022-09-12,,confirmed,2026-02-08,2026-03-12,secure portal,
VR-3100,APP-2026-031,ENT-3100,education-and-training,Ravensmoor University School of Medicine,Yolanda Bergmann,Assistant Registrar,Registrar's office — Ravensmoor University School of Medicine,Degree — Doctor of Medicine,2005-08-22,2009-06-30,confirmed,2026-02-19,2026-03-02,secure portal,
VR-3101,APP-2026-031,ENT-3101,education-and-training,Westmarch University Medical Center,Emeka Nordstrand,Programme Coordinator,Graduate medical education office — Westmarch University Medical Center,Residency — Internal Medicine,2009-07-01,2012-06-30,confirmed,2026-02-19,2026-03-09,secure portal,
VR-3200,APP-2026-032,ENT-3200,education-and-training,Steadmere University School of Medicine,Mira Lindqvist,Assistant Registrar,Registrar's office — Steadmere University School of Medicine,Degree — Doctor of Medicine,2007-08-20,2011-06-30,confirmed,2026-02-26,2026-03-09,secure portal,
VR-3300,APP-2026-033,ENT-3300,education-and-training,Windthorne University College of Medicine,Ingrid Ndiaye,Assistant Registrar,Registrar's office — Windthorne University College of Medicine,Degree — Doctor of Medicine,2001-08-27,2005-06-30,confirmed,2026-02-22,2026-03-05,secure portal,
VR-3301,APP-2026-033,ENT-3301,education-and-training,Kirkwallow Teaching Hospital,Cordelia Farahani,Programme Coordinator,Graduate medical education office — Kirkwallow Teaching Hospital,Residency — Diagnostic Radiology,2005-07-01,2009-06-30,confirmed,2026-02-22,2026-03-12,secure portal,
VR-3400,APP-2026-034,ENT-3400,education-and-training,Halloway Point School of Medicine,Desmond Montalvo,Assistant Registrar,Registrar's office — Halloway Point School of Medicine,Degree — Doctor of Medicine,2004-08-23,2008-06-30,confirmed,2026-02-01,2026-02-12,secure portal,
VR-3401,APP-2026-034,ENT-3401,education-and-training,Drumlin Bay Medical Center,Xiomara Zabrowski,Programme Coordinator,Graduate medical education office — Drumlin Bay Medical Center,Residency — Emergency Medicine,2008-07-01,2011-06-30,confirmed,2026-02-01,2026-02-19,secure portal,
VR-3402,APP-2026-034,ENT-3402,affiliation-and-employment,Kettlebrook Family Clinic,Marit Villareal,"Director, Medical Staff Services",Medical staff office — Kettlebrook Family Clinic,Employment — Emergency Physician,2011-07-11,,confirmed,2026-02-01,2026-02-26,secure portal,
VR-3500,APP-2026-035,ENT-3500,education-and-training,Aldersgate University School of Medicine,Iyanla Halvorsen,Assistant Registrar,Registrar's office — Aldersgate University School of Medicine,Degree — Doctor of Medicine,2003-08-25,2007-06-30,confirmed,2026-02-08,2026-02-19,secure portal,
VR-3501,APP-2026-035,ENT-3501,education-and-training,Pinevale University Hospital,Marcus Haddad,Programme Coordinator,Graduate medical education office — Pinevale University Hospital,Residency — General Surgery,2007-07-01,2012-06-30,confirmed,2026-02-08,2026-02-26,secure portal,
VR-3502,APP-2026-035,ENT-3502,affiliation-and-employment,Greyfen Regional Hospital,Soraya Bayoumi,"Director, Medical Staff Services",Medical staff office — Greyfen Regional Hospital,Employment — General Surgeon,2012-07-16,2023-06-30,confirmed,2026-02-08,2026-03-05,secure portal,
VR-3503,APP-2026-035,ENT-3503,affiliation-and-employment,Mosswater Valley Hospital,Hideo Kettering,"Director, Medical Staff Services",Medical staff office — Mosswater Valley Hospital,Employment — Surgical Consultant,2023-07-10,,confirmed,2026-02-08,2026-03-12,secure portal,
VR-3600,APP-2026-036,ENT-3600,education-and-training,Marrowfield College of Medicine,Priya Holloway,Assistant Registrar,Registrar's office — Marrowfield College of Medicine,Degree — Doctor of Medicine,2005-08-22,2009-06-30,confirmed,2026-02-01,2026-02-12,secure portal,
VR-3601,APP-2026-036,ENT-3601,education-and-training,Braypoint Regional Medical Center,Rafael Orlovsky,Programme Coordinator,Graduate medical education office — Braypoint Regional Medical Center,Residency — Family Medicine,2009-07-01,2012-06-30,confirmed,2026-02-01,2026-02-19,secure portal,
VR-3602,APP-2026-036,ENT-3602,affiliation-and-employment,Willowmere Health Cooperative,Anaya Chatterji,"Director, Medical Staff Services",Medical staff office — Willowmere Health Cooperative,Employment — Staff Physician,2012-07-16,2019-08-31,confirmed,2026-02-01,2026-02-26,secure portal,
VR-3603,APP-2026-036,ENT-3603,affiliation-and-employment,Silverbeck Physicians Group,Leander Thornbury,"Director, Medical Staff Services",Medical staff office — Silverbeck Physicians Group,Employment — Staff Physician,2019-09-09,,confirmed,2026-02-01,2026-03-05,secure portal,
VR-3700,APP-2026-037,ENT-3700,education-and-training,Dunleath University School of Medicine,Yolanda Vasquez-Ruiz,Assistant Registrar,Registrar's office — Dunleath University School of Medicine,Degree — Doctor of Medicine,2006-08-21,2010-06-30,confirmed,2026-02-05,2026-02-16,secure portal,
VR-3701,APP-2026-037,ENT-3701,education-and-training,Cedar Quarry University Hospital,Emeka Ellingboe,Programme Coordinator,Graduate medical education office — Cedar Quarry University Hospital,Residency — Family Medicine,2010-07-01,2013-06-30,confirmed,2026-02-05,2026-02-23,secure portal,
VR-3702,APP-2026-037,ENT-3702,affiliation-and-employment,Orchard Row Specialty Clinic,Vesna Wiśniewski,"Director, Medical Staff Services",Medical staff office — Orchard Row Specialty Clinic,Employment — Staff Physician,2013-07-15,2021-03-31,confirmed,2026-02-05,2026-03-02,secure portal,
VR-3703,APP-2026-037,ENT-3703,affiliation-and-employment,Kettlebrook Family Clinic,Samira Tachibana,"Director, Medical Staff Services",Medical staff office — Kettlebrook Family Clinic,Employment — Staff Physician,2021-04-12,,confirmed,2026-02-05,2026-03-09,secure portal,
VR-3800,APP-2026-038,ENT-3800,education-and-training,Brackenridge College of Osteopathic Medicine,Mira Boateng,Assistant Registrar,Registrar's office — Brackenridge College of Osteopathic Medicine,Degree — Doctor of Medicine,2008-08-25,2012-06-30,confirmed,2026-02-15,2026-02-26,secure portal,
VR-3801,APP-2026-038,ENT-3801,education-and-training,Ashgrove Memorial Hospital,Kenji Mistry,Programme Coordinator,Graduate medical education office — Ashgrove Memorial Hospital,Residency — Emergency Medicine,2012-07-01,2015-06-30,confirmed,2026-02-15,2026-03-05,secure portal,
VR-3802,APP-2026-038,ENT-3802,affiliation-and-employment,Northsound Medical Group,Obi Achebe,"Director, Medical Staff Services",Medical staff office — Northsound Medical Group,Employment — Emergency Physician,2015-07-13,,confirmed,2026-02-15,2026-03-12,secure portal,
VR-3900,APP-2026-039,ENT-3900,education-and-training,Pellingham University School of Medicine,Ingrid Sternhagen,Assistant Registrar,Registrar's office — Pellingham University School of Medicine,Degree — Doctor of Medicine,2002-08-26,2006-06-30,confirmed,2026-02-08,2026-02-19,secure portal,
VR-3901,APP-2026-039,ENT-3901,education-and-training,Tolliver General Hospital,Cordelia Banerjee,Programme Coordinator,Graduate medical education office — Tolliver General Hospital,Residency — Internal Medicine,2006-07-01,2009-06-30,confirmed,2026-02-08,2026-02-26,secure portal,
VR-3902,APP-2026-039,ENT-3902,affiliation-and-employment,Stonebridge Medical Associates,Tarek Beaumont,"Director, Medical Staff Services",Medical staff office — Stonebridge Medical Associates,Employment — Staff Physician,2009-07-13,2021-03-31,confirmed,2026-02-08,2026-03-05,secure portal,
VR-3903,APP-2026-039,ENT-3903,affiliation-and-employment,Larkhollow Physicians Network,Gustav Nowicki,"Director, Medical Staff Services",Medical staff office — Larkhollow Physicians Network,Employment — Staff Physician,2021-07-05,,confirmed,2026-02-08,2026-03-12,secure portal,
VR-4000,APP-2026-040,ENT-4000,education-and-training,Thistlewood University School of Medicine,Desmond Kjeldsen,Assistant Registrar,Registrar's office — Thistlewood University School of Medicine,Degree — Doctor of Medicine,2004-08-23,2008-06-30,confirmed,2026-01-29,2026-02-09,secure portal,
VR-4001,APP-2026-040,ENT-4001,education-and-training,Fernhollow Medical Center,Xiomara Nandakumar,Programme Coordinator,Graduate medical education office — Fernhollow Medical Center,Residency — Internal Medicine,2008-07-01,2011-06-30,confirmed,2026-01-29,2026-02-16,secure portal,
VR-4002,APP-2026-040,ENT-4002,affiliation-and-employment,Silverbeck Physicians Group,Marit Brackwood,"Director, Medical Staff Services",Medical staff office — Silverbeck Physicians Group,Employment — Hospitalist,2011-07-11,,confirmed,2026-01-29,2026-02-23,secure portal,
