application_id,revision,question_code,question_text,answer,applicant_comment
APP-2026-018,2,PPQ-1,"Has any licence or registration you hold or have held ever been denied, suspended, revoked, restricted, placed on probation, made subject to a monitoring agreement, surrendered, or subjected to any other action by a licensing board?",No,
APP-2026-018,2,PPQ-2,"Have your clinical privileges at any institution ever been denied, reduced, restricted, suspended, revoked, not renewed, or made subject to conditions?",No,
APP-2026-018,2,PPQ-3,"Have you ever resigned from, or withdrawn an application to, a medical staff or training programme while an investigation was pending or in exchange for not conducting an investigation?",No,
APP-2026-018,2,PPQ-4,"Has any board certification you hold or have held ever been revoked, suspended, or not renewed for cause?",No,
APP-2026-018,2,PPQ-5,Have you ever been the subject of a professional review action reportable to a national data bank?,No,
APP-2026-018,2,PPQ-6,"Have you ever been excluded, debarred or suspended from participation in a federal or state health care programme?",No,
APP-2026-018,2,PPQ-7,"Have you ever been convicted of, or pleaded guilty or no contest to, a criminal offence other than a minor traffic violation?",No,
APP-2026-018,2,PPQ-8,"Is there any physical or mental condition, or any use of a substance, that currently impairs your ability to perform the privileges you are requesting, with or without accommodation?",No,
APP-2026-030,2,PPQ-1,"Has any licence or registration you hold or have held ever been denied, suspended, revoked, restricted, placed on probation, made subject to a monitoring agreement, surrendered, or subjected to any other action by a licensing board?",No,
APP-2026-030,2,PPQ-2,"Have your clinical privileges at any institution ever been denied, reduced, restricted, suspended, revoked, not renewed, or made subject to conditions?",No,
APP-2026-030,2,PPQ-3,"Have you ever resigned from, or withdrawn an application to, a medical staff or training programme while an investigation was pending or in exchange for not conducting an investigation?",No,
APP-2026-030,2,PPQ-4,"Has any board certification you hold or have held ever been revoked, suspended, or not renewed for cause?",No,
APP-2026-030,2,PPQ-5,Have you ever been the subject of a professional review action reportable to a national data bank?,No,
APP-2026-030,2,PPQ-6,"Have you ever been excluded, debarred or suspended from participation in a federal or state health care programme?",No,
APP-2026-030,2,PPQ-7,"Have you ever been convicted of, or pleaded guilty or no contest to, a criminal offence other than a minor traffic violation?",No,
APP-2026-030,2,PPQ-8,"Is there any physical or mental condition, or any use of a substance, that currently impairs your ability to perform the privileges you are requesting, with or without accommodation?",No,
APP-2026-031,2,PPQ-1,"Has any licence or registration you hold or have held ever been denied, suspended, revoked, restricted, placed on probation, made subject to a monitoring agreement, surrendered, or subjected to any other action by a licensing board?",No,
APP-2026-031,2,PPQ-2,"Have your clinical privileges at any institution ever been denied, reduced, restricted, suspended, revoked, not renewed, or made subject to conditions?",No,
APP-2026-031,2,PPQ-3,"Have you ever resigned from, or withdrawn an application to, a medical staff or training programme while an investigation was pending or in exchange for not conducting an investigation?",No,
APP-2026-031,2,PPQ-4,"Has any board certification you hold or have held ever been revoked, suspended, or not renewed for cause?",No,
APP-2026-031,2,PPQ-5,Have you ever been the subject of a professional review action reportable to a national data bank?,No,
APP-2026-031,2,PPQ-6,"Have you ever been excluded, debarred or suspended from participation in a federal or state health care programme?",No,
APP-2026-031,2,PPQ-7,"Have you ever been convicted of, or pleaded guilty or no contest to, a criminal offence other than a minor traffic violation?",No,
APP-2026-031,2,PPQ-8,"Is there any physical or mental condition, or any use of a substance, that currently impairs your ability to perform the privileges you are requesting, with or without accommodation?",No,
APP-2026-036,2,PPQ-1,"Has any licence or registration you hold or have held ever been denied, suspended, revoked, restricted, placed on probation, made subject to a monitoring agreement, surrendered, or subjected to any other action by a licensing board?",No,
APP-2026-036,2,PPQ-2,"Have your clinical privileges at any institution ever been denied, reduced, restricted, suspended, revoked, not renewed, or made subject to conditions?",No,
APP-2026-036,2,PPQ-3,"Have you ever resigned from, or withdrawn an application to, a medical staff or training programme while an investigation was pending or in exchange for not conducting an investigation?",No,
APP-2026-036,2,PPQ-4,"Has any board certification you hold or have held ever been revoked, suspended, or not renewed for cause?",No,
APP-2026-036,2,PPQ-5,Have you ever been the subject of a professional review action reportable to a national data bank?,No,
APP-2026-036,2,PPQ-6,"Have you ever been excluded, debarred or suspended from participation in a federal or state health care programme?",No,
APP-2026-036,2,PPQ-7,"Have you ever been convicted of, or pleaded guilty or no contest to, a criminal offence other than a minor traffic violation?",No,
APP-2026-036,2,PPQ-8,"Is there any physical or mental condition, or any use of a substance, that currently impairs your ability to perform the privileges you are requesting, with or without accommodation?",No,
