declaration_id,application_id,revision,credential_class,issuer,jurisdiction_or_board,number_declared,declared_status,declared_issue_date,declared_expiry_date
DEC-1800,APP-2026-018,2,licence,Washington State Department of Health,WA,MD60204119,Active,2017-06-26,2028-10-31
DEC-1801,APP-2026-018,2,certification,American Board of Internal Medicine,ABIM,,Board certified,2017-11-13,2029-12-31
DEC-3000,APP-2026-030,2,licence,Washington State Department of Health,WA,MD60136671,Active,2015-06-24,2028-07-31
DEC-3001,APP-2026-030,2,certification,American Board of Internal Medicine,ABIM,,Board certified,2015-11-09,2029-12-31
DEC-3100,APP-2026-031,2,licence,Oregon Medical Board,OR,MD2012338,Active,2012-06-22,2028-06-30
DEC-3101,APP-2026-031,2,certification,American Board of Internal Medicine,ABIM,,Board certified,2012-11-13,2028-12-31
DEC-3102,APP-2026-031,2,licence,Washington State Department of Health,WA,MD60251004,Active,2026-04-02,2029-04-30
DEC-3600,APP-2026-036,2,licence,Washington State Department of Health,WA,MD60110392,Active,2012-06-28,2028-09-30
DEC-3601,APP-2026-036,2,certification,American Board of Family Medicine,ABFM,,Board certified,2012-11-16,2030-12-31
