credentialnumber,credentialtype,status,firstissuedate,lastissuedate,expirationdate,ceduedate,actiontaken,birthyear,firstname,middlename,lastname,lookup_date
MD60041907,Physician And Surgeon License,ACTIVE,2005-06-27,2025-06-30,2028-06-30,2027-06-30,No,1976,Emeka,K,Adeyemi,2026-05-14
MD60188732,Physician And Surgeon License,ACTIVE,2016-06-27,2024-11-30,2027-11-30,2026-11-30,No,1986,Noor,,Al-Hassani,2026-05-14
MD60091267,Physician And Surgeon License,ACTIVE,2010-06-28,2025-05-31,2028-05-31,2027-05-31,No,1981,Rosalind,E,Ashworth,2026-05-14
MD60204119,Physician And Surgeon License,ACTIVE,2017-06-26,2025-10-31,2028-10-31,2027-10-31,No,1988,Anaya,,Banerjee,2026-05-14
MD60136671,Physician And Surgeon License,ACTIVE,2015-06-24,2025-07-31,2028-07-31,2027-07-31,No,1986,Delphine,,Beaumont,2026-05-14
MD60081193,Physician And Surgeon License,ACTIVE,2009-06-30,2023-12-31,2026-12-31,2026-12-31,No,1980,Hanne,L,Bergmann,2026-05-14
MD60035528,Physician And Surgeon License,ACTIVE,2006-06-26,2025-08-31,2028-08-31,2027-08-31,No,1975,Kwabena,,Boateng,2026-05-14
MD60117960,Osteopathic Physician And Surgeon License,ACTIVE,2020-06-15,2024-12-31,2027-12-31,2026-12-31,No,1981,Callum,D,Brackwood,2026-05-14
MD60071336,Physician And Surgeon License,ACTIVE,2009-06-29,2024-08-31,2027-08-31,2026-08-31,No,1978,Rafael,E,Cabrera-Lima,2026-05-14
MD60169038,Physician And Surgeon License,ACTIVE,2014-06-30,2025-11-30,2028-11-30,2027-11-30,No,1985,Fionn,P,Callaghan,2026-05-14
MD60199450,Physician And Surgeon License,ACTIVE,2017-06-30,2025-04-30,2028-04-30,2027-04-30,No,1987,Mira,,Chatterji,2026-05-14
MD60131055,Physician And Surgeon License,ACTIVE,2015-06-16,2024-10-31,2027-10-31,2026-10-31,No,1986,Marguerite,R,Delacroix,2026-05-14
MD60083116,Physician And Surgeon License,ACTIVE,2010-06-28,2025-03-31,2028-03-31,2027-03-31,No,1980,Joaquin,R,Esposito-Vela,2026-05-14
MD60128846,Physician And Surgeon License,ACTIVE,2015-06-29,2025-05-31,2028-05-31,2027-05-31,No,1986,Obi,,Eze-Okafor,2026-05-14
MD60152203,Physician And Surgeon License,ACTIVE,2014-06-25,2025-03-31,2028-03-31,2027-03-31,No,1984,Soraya,,Farahani,2026-05-14
MD60121458,Physician And Surgeon License,ACTIVE,2013-06-18,2025-05-31,2028-05-31,2027-05-31,No,1983,Elliot,J,Ferndale,2026-05-14
MD60114807,Physician And Surgeon License,ACTIVE,2012-06-29,2025-06-30,2028-06-30,2027-06-30,No,1981,Samira,,Haddad,2026-05-14
MD60107884,Physician And Surgeon License,ACTIVE,2012-06-25,2025-02-28,2028-02-29,2027-02-28,No,1982,Sigrid,,Halvorsen,2026-05-14
MD60148293,Physician And Surgeon License,ACTIVE,2013-06-05,2025-08-14,2028-06-30,2027-08-14,No,1982,Marcus,T,Holloway,2026-05-14
MD60143390,Physician And Surgeon License,ACTIVE,2013-06-26,2024-12-31,2027-12-31,2026-12-31,No,1984,Vesna,,Kovačević,2026-05-14
MD60102558,Physician And Surgeon License,ACTIVE,2011-06-27,2024-08-31,2027-08-31,2026-08-31,No,1982,Ingrid,B,Lindholm,2026-05-14
MD60088273,Physician And Surgeon License,ACTIVE,2010-06-28,2025-09-30,2028-09-30,2027-09-30,No,1979,Oskar,H,Lindqvist,2026-05-14
MD60078845,Physician And Surgeon License,ACTIVE,2009-06-29,2025-01-31,2028-01-31,2027-01-31,No,1980,Aurelio,M,Marchetti,2026-05-14
MD60251004,Physician And Surgeon License,ACTIVE,2026-04-02,2026-04-02,2029-04-30,2028-04-02,No,1983,Kenji,,Matsuda,2026-05-14
MD60146622,Physician And Surgeon License,ACTIVE,2013-06-12,2024-11-30,2026-11-30,2026-11-30,No,1984,Yolanda,A,Mendez-Ruiz,2026-05-14
MD60096330,Physician And Surgeon License,ACTIVE,2011-06-27,2026-05-04,2028-04-30,2028-04-30,No,1982,Zubin,,Mistry,2026-05-14
MD60195610,Physician And Surgeon License,ACTIVE,2016-06-14,2024-07-31,2027-07-31,2026-07-31,No,1987,Priya,S,Nandakumar,2026-05-14
MD60230187,Physician And Surgeon License,ACTIVE,2022-06-17,2025-06-30,2028-06-30,2027-06-30,No,1992,Imani,O,Nwachukwu,2026-05-14
MD60172044,Physician And Surgeon License,ACTIVE,2014-06-11,2024-09-30,2027-09-30,2026-09-30,No,1985,Adaeze,,Okonkwo,2026-05-14
MD60099184,Physician And Surgeon License,ACTIVE,2011-06-24,2024-09-30,2026-09-30,2026-09-30,No,1981,Dmitri,,Orlovsky,2026-05-14
MD60076214,Physician And Surgeon License,ACTIVE,2009-06-29,2025-11-30,2028-11-30,2027-11-30,No,1979,Thaddeus,G,Pennington,2026-05-14
MD60139908,Physician And Surgeon License,ACTIVE,2015-06-30,2024-10-31,2027-10-31,2026-10-31,No,1985,Nadira,,Qureshi,2026-05-14
MD60113472,Physician And Surgeon License,ACTIVE,2012-06-28,2025-04-30,2028-04-30,2027-04-30,No,1983,Linnea,M,Sandvik,2026-05-14
MD60094512,Physician And Surgeon License,ACTIVE,2011-06-22,2025-01-31,2028-01-31,2027-01-31,No,1979,Benedikt,A,Sternhagen,2026-05-14
MD60069441,Physician And Surgeon License,ACTIVE,2009-06-29,2025-07-31,2028-07-31,2027-07-31,Yes,1977,Hideo,,Tachibana,2026-05-14
MD60147715,Physician And Surgeon License,ACTIVE,2013-06-27,2025-04-30,2028-04-30,2027-04-30,No,1984,Clementine,A,Thornbury,2026-05-14
MD60247731,Physician And Surgeon License,ACTIVE,2026-01-14,2026-01-14,2029-01-31,2028-01-14,No,1978,Leander,C,Vandermeer,2026-05-14
MD60124773,Physician And Surgeon License,ACTIVE,2013-06-20,2025-12-31,2028-12-31,2027-12-31,No,1983,Tabitha,L,Whitcombe,2026-05-14
MD60103877,Physician And Surgeon License,ACTIVE,2011-06-20,2025-02-28,2028-02-29,2027-02-28,No,1980,Tomasz,K,Wiśniewski,2026-05-14
MD60110392,Physician And Surgeon License,ACTIVE,2012-06-28,2025-09-30,2028-09-30,2027-09-30,No,1983,Piotr,W,Zielinski,2026-05-14
